time,buyer_id,seller_id,price,quantity,ptype,period,buyer_algo,buyer_util,buyer_balance,seller_algo,seller_util,seller_balance
1,6,11,34,1,Y,1,ZIP,0.0,"{'money': 366, 'X': 0, 'Y': 1}",GDZ,0.0,"{'money': 34, 'X': 0, 'Y': 19}"
1,12,1,67,1,X,1,GDZ,0.0,"{'money': 333, 'X': 1, 'Y': 0}",ZIP,0.0,"{'money': 67, 'X': 9, 'Y': 0}"
1,18,13,66,1,X,1,GDZ,0.0,"{'money': 334, 'X': 1, 'Y': 0}",GDZ,0.0,"{'money': 66, 'X': 9, 'Y': 0}"
1,15,16,66,1,X,1,GDZ,0.0,"{'money': 334, 'X': 1, 'Y': 0}",GDZ,0.0,"{'money': 66, 'X': 9, 'Y': 0}"
2,15,5,13,1,Y,1,GDZ,0.05,"{'money': 321, 'X': 1, 'Y': 1}",ZIP,0.0,"{'money': 13, 'X': 0, 'Y': 19}"
2,12,5,13,1,Y,1,GDZ,0.05,"{'money': 320, 'X': 1, 'Y': 1}",ZIP,0.0,"{'money': 26, 'X': 0, 'Y': 18}"
2,9,7,66,1,X,1,ZIP,0.0,"{'money': 334, 'X': 1, 'Y': 0}",ZIP,0.0,"{'money': 66, 'X': 9, 'Y': 0}"
2,6,14,14,1,Y,1,ZIP,0.0,"{'money': 352, 'X': 0, 'Y': 2}",GDZ,0.0,"{'money': 14, 'X': 0, 'Y': 19}"
3,12,16,61,1,X,1,GDZ,0.05,"{'money': 259, 'X': 2, 'Y': 1}",GDZ,0.0,"{'money': 127, 'X': 8, 'Y': 0}"
3,18,14,20,1,Y,1,GDZ,0.05,"{'money': 314, 'X': 1, 'Y': 1}",GDZ,0.0,"{'money': 34, 'X': 0, 'Y': 18}"
3,18,11,20,1,Y,1,GDZ,0.1,"{'money': 294, 'X': 1, 'Y': 2}",GDZ,0.0,"{'money': 54, 'X': 0, 'Y': 18}"
3,1,6,18,1,Y,1,ZIP,0.05,"{'money': 49, 'X': 9, 'Y': 1}",ZIP,0.0,"{'money': 370, 'X': 0, 'Y': 1}"
4,15,17,18,1,Y,1,GDZ,0.1,"{'money': 303, 'X': 1, 'Y': 2}",GDZ,0.0,"{'money': 18, 'X': 0, 'Y': 19}"
4,18,13,64,1,X,1,GDZ,0.1,"{'money': 230, 'X': 2, 'Y': 2}",GDZ,0.0,"{'money': 130, 'X': 8, 'Y': 0}"
4,12,11,17,1,Y,1,GDZ,0.1,"{'money': 242, 'X': 2, 'Y': 2}",GDZ,0.0,"{'money': 71, 'X': 0, 'Y': 17}"
5,13,14,18,1,Y,1,GDZ,0.05,"{'money': 112, 'X': 8, 'Y': 1}",GDZ,0.0,"{'money': 52, 'X': 0, 'Y': 17}"
5,11,10,66,1,X,1,GDZ,0.0125,"{'money': 5, 'X': 1, 'Y': 17}",GDZ,0.0,"{'money': 66, 'X': 9, 'Y': 0}"
5,12,5,18,1,Y,1,GDZ,0.15,"{'money': 224, 'X': 2, 'Y': 3}",ZIP,0.0,"{'money': 44, 'X': 0, 'Y': 17}"
5,7,8,16,1,Y,1,ZIP,0.05,"{'money': 50, 'X': 9, 'Y': 1}",ZIP,0.0,"{'money': 16, 'X': 0, 'Y': 19}"
5,16,6,19,1,Y,1,GDZ,0.05,"{'money': 108, 'X': 8, 'Y': 1}",ZIP,0.0,"{'money': 389, 'X': 0, 'Y': 0}"
6,18,5,18,1,Y,1,GDZ,0.15,"{'money': 212, 'X': 2, 'Y': 3}",ZIP,0.0,"{'money': 62, 'X': 0, 'Y': 16}"
6,13,17,19,1,Y,1,GDZ,0.1,"{'money': 93, 'X': 8, 'Y': 2}",GDZ,0.0,"{'money': 37, 'X': 0, 'Y': 18}"
6,10,17,20,1,Y,1,GDZ,0.05,"{'money': 46, 'X': 9, 'Y': 1}",GDZ,0.0,"{'money': 57, 'X': 0, 'Y': 17}"
6,3,7,77,1,X,1,ZIP,0.0,"{'money': 323, 'X': 1, 'Y': 0}",ZIP,0.05,"{'money': 127, 'X': 8, 'Y': 1}"
6,16,11,20,1,Y,1,GDZ,0.1,"{'money': 88, 'X': 8, 'Y': 2}",GDZ,0.0625,"{'money': 25, 'X': 1, 'Y': 16}"
6,12,8,19,1,Y,1,GDZ,0.2,"{'money': 205, 'X': 2, 'Y': 4}",ZIP,0.0,"{'money': 35, 'X': 0, 'Y': 18}"
7,16,14,19,1,Y,1,GDZ,0.15,"{'money': 69, 'X': 8, 'Y': 3}",GDZ,0.0,"{'money': 71, 'X': 0, 'Y': 16}"
7,6,5,20,1,Y,1,ZIP,0.0,"{'money': 369, 'X': 0, 'Y': 1}",ZIP,0.0,"{'money': 82, 'X': 0, 'Y': 15}"
7,18,11,19,1,Y,1,GDZ,0.2,"{'money': 193, 'X': 2, 'Y': 4}",GDZ,0.1,"{'money': 44, 'X': 1, 'Y': 15}"
8,10,11,19,1,Y,1,GDZ,0.0675,"{'money': 27, 'X': 9, 'Y': 2}",GDZ,0.1,"{'money': 63, 'X': 1, 'Y': 14}"
8,12,9,71,1,X,1,GDZ,0.2,"{'money': 134, 'X': 3, 'Y': 4}",ZIP,0.0,"{'money': 405, 'X': 0, 'Y': 0}"
8,8,17,20,1,Y,1,ZIP,0.0,"{'money': 15, 'X': 0, 'Y': 19}",GDZ,0.0,"{'money': 77, 'X': 0, 'Y': 16}"
8,15,16,70,1,X,1,GDZ,0.1,"{'money': 233, 'X': 2, 'Y': 2}",GDZ,0.15,"{'money': 139, 'X': 7, 'Y': 3}"
8,18,10,66,1,X,1,GDZ,0.2,"{'money': 127, 'X': 3, 'Y': 4}",GDZ,0.1,"{'money': 93, 'X': 8, 'Y': 2}"
8,1,2,20,1,Y,1,ZIP,0.0725,"{'money': 29, 'X': 9, 'Y': 2}",ZIP,0.0,"{'money': 20, 'X': 0, 'Y': 19}"
9,6,14,19,1,Y,1,ZIP,0.0,"{'money': 350, 'X': 0, 'Y': 2}",GDZ,0.0,"{'money': 90, 'X': 0, 'Y': 15}"
9,5,11,19,1,Y,1,ZIP,0.0,"{'money': 63, 'X': 0, 'Y': 16}",GDZ,0.1,"{'money': 82, 'X': 1, 'Y': 13}"
9,17,1,71,1,X,1,GDZ,0.015,"{'money': 6, 'X': 1, 'Y': 16}",ZIP,0.1,"{'money': 100, 'X': 8, 'Y': 2}"
9,18,8,22,1,Y,1,GDZ,0.25,"{'money': 105, 'X': 3, 'Y': 5}",ZIP,0.0,"{'money': 37, 'X': 0, 'Y': 18}"
10,3,1,70,1,X,1,ZIP,0.0,"{'money': 253, 'X': 2, 'Y': 0}",ZIP,0.1,"{'money': 170, 'X': 7, 'Y': 2}"
10,12,5,25,1,Y,1,GDZ,0.25,"{'money': 109, 'X': 3, 'Y': 5}",ZIP,0.0,"{'money': 88, 'X': 0, 'Y': 15}"
10,16,17,22,1,Y,1,GDZ,0.2,"{'money': 117, 'X': 7, 'Y': 4}",GDZ,0.07,"{'money': 28, 'X': 1, 'Y': 15}"
11,15,17,22,1,Y,1,GDZ,0.15,"{'money': 211, 'X': 2, 'Y': 3}",GDZ,0.1,"{'money': 50, 'X': 1, 'Y': 14}"
11,14,1,71,1,X,1,GDZ,0.0475,"{'money': 19, 'X': 1, 'Y': 15}",ZIP,0.1,"{'money': 241, 'X': 6, 'Y': 2}"
11,16,2,21,1,Y,1,GDZ,0.24,"{'money': 96, 'X': 7, 'Y': 5}",ZIP,0.0,"{'money': 41, 'X': 0, 'Y': 18}"
11,12,8,22,1,Y,1,GDZ,0.3,"{'money': 87, 'X': 3, 'Y': 6}",ZIP,0.0,"{'money': 59, 'X': 0, 'Y': 17}"
11,13,11,22,1,Y,1,GDZ,0.15,"{'money': 71, 'X': 8, 'Y': 3}",GDZ,0.1,"{'money': 104, 'X': 1, 'Y': 12}"
12,12,4,71,1,X,1,GDZ,0.3,"{'money': 16, 'X': 4, 'Y': 6}",ZIP,0.0,"{'money': 71, 'X': 9, 'Y': 0}"
12,7,2,22,1,Y,1,ZIP,0.1,"{'money': 105, 'X': 8, 'Y': 2}",ZIP,0.0,"{'money': 63, 'X': 0, 'Y': 17}"
12,5,16,71,1,X,1,ZIP,0.0425,"{'money': 17, 'X': 1, 'Y': 15}",GDZ,0.25,"{'money': 167, 'X': 6, 'Y': 5}"
12,10,17,21,1,Y,1,GDZ,0.15,"{'money': 72, 'X': 8, 'Y': 3}",GDZ,0.1,"{'money': 71, 'X': 1, 'Y': 13}"
12,7,11,21,1,Y,1,ZIP,0.15,"{'money': 84, 'X': 8, 'Y': 3}",GDZ,0.1,"{'money': 125, 'X': 1, 'Y': 11}"
12,18,14,21,1,Y,1,GDZ,0.3,"{'money': 84, 'X': 3, 'Y': 6}",GDZ,0.1,"{'money': 40, 'X': 1, 'Y': 14}"
13,4,2,23,1,Y,1,ZIP,0.05,"{'money': 48, 'X': 9, 'Y': 1}",ZIP,0.0,"{'money': 86, 'X': 0, 'Y': 16}"
13,9,13,70,1,X,1,ZIP,0.0,"{'money': 335, 'X': 1, 'Y': 0}",GDZ,0.15,"{'money': 141, 'X': 7, 'Y': 3}"
13,9,17,21,1,Y,1,ZIP,0.05,"{'money': 314, 'X': 1, 'Y': 1}",GDZ,0.1,"{'money': 92, 'X': 1, 'Y': 12}"
13,8,5,22,1,Y,1,ZIP,0.0,"{'money': 37, 'X': 0, 'Y': 18}",ZIP,0.0975,"{'money': 39, 'X': 1, 'Y': 14}"
13,15,14,23,1,Y,1,GDZ,0.2,"{'money': 188, 'X': 2, 'Y': 4}",GDZ,0.1,"{'money': 63, 'X': 1, 'Y': 13}"
13,18,12,68,1,X,1,GDZ,0.3,"{'money': 16, 'X': 4, 'Y': 6}",GDZ,0.3,"{'money': 84, 'X': 3, 'Y': 6}"
14,11,10,68,1,X,1,GDZ,0.1425,"{'money': 57, 'X': 2, 'Y': 11}",GDZ,0.15,"{'money': 140, 'X': 7, 'Y': 3}"
14,13,17,23,1,Y,1,GDZ,0.2,"{'money': 118, 'X': 7, 'Y': 4}",GDZ,0.1,"{'money': 115, 'X': 1, 'Y': 11}"
14,12,18,69,1,X,1,GDZ,0.3,"{'money': 15, 'X': 4, 'Y': 6}",GDZ,0.3,"{'money': 85, 'X': 3, 'Y': 6}"
15,2,4,69,1,X,1,ZIP,0.0425,"{'money': 17, 'X': 1, 'Y': 16}",ZIP,0.05,"{'money': 117, 'X': 8, 'Y': 1}"
15,16,14,24,1,Y,1,GDZ,0.3,"{'money': 143, 'X': 6, 'Y': 6}",GDZ,0.1,"{'money': 87, 'X': 1, 'Y': 12}"
15,10,11,24,1,Y,1,GDZ,0.2,"{'money': 116, 'X': 7, 'Y': 4}",GDZ,0.2,"{'money': 81, 'X': 2, 'Y': 10}"
15,18,12,70,1,X,1,GDZ,0.3,"{'money': 15, 'X': 4, 'Y': 6}",GDZ,0.3,"{'money': 85, 'X': 3, 'Y': 6}"
16,15,4,69,1,X,1,GDZ,0.2,"{'money': 119, 'X': 3, 'Y': 4}",ZIP,0.05,"{'money': 186, 'X': 7, 'Y': 1}"
16,10,11,23,1,Y,1,GDZ,0.2325,"{'money': 93, 'X': 7, 'Y': 5}",GDZ,0.2,"{'money': 104, 'X': 2, 'Y': 9}"
16,9,16,70,1,X,1,ZIP,0.05,"{'money': 244, 'X': 2, 'Y': 1}",GDZ,0.3,"{'money': 213, 'X': 5, 'Y': 6}"
16,12,18,69,1,X,1,GDZ,0.3,"{'money': 16, 'X': 4, 'Y': 6}",GDZ,0.3,"{'money': 84, 'X': 3, 'Y': 6}"
16,13,6,24,1,Y,1,GDZ,0.235,"{'money': 94, 'X': 7, 'Y': 5}",ZIP,0.0,"{'money': 374, 'X': 0, 'Y': 1}"
16,16,14,24,1,Y,1,GDZ,0.35,"{'money': 189, 'X': 5, 'Y': 7}",GDZ,0.1,"{'money': 111, 'X': 1, 'Y': 11}"
17,8,8,24,1,Y,1,ZIP,0.0,"{'money': 37, 'X': 0, 'Y': 18}",ZIP,0.0,"{'money': 37, 'X': 0, 'Y': 18}"
17,15,2,23,1,Y,1,GDZ,0.25,"{'money': 96, 'X': 3, 'Y': 5}",ZIP,0.1,"{'money': 40, 'X': 1, 'Y': 15}"
17,17,13,71,1,X,1,GDZ,0.11,"{'money': 44, 'X': 2, 'Y': 11}",GDZ,0.25,"{'money': 165, 'X': 6, 'Y': 5}"
17,3,4,69,1,X,1,ZIP,0.0,"{'money': 184, 'X': 3, 'Y': 0}",ZIP,0.05,"{'money': 255, 'X': 6, 'Y': 1}"
17,9,11,24,1,Y,1,ZIP,0.1,"{'money': 220, 'X': 2, 'Y': 2}",GDZ,0.2,"{'money': 128, 'X': 2, 'Y': 8}"
18,16,17,25,1,Y,1,GDZ,0.4,"{'money': 164, 'X': 5, 'Y': 8}",GDZ,0.1725,"{'money': 69, 'X': 2, 'Y': 10}"
18,14,10,67,1,X,1,GDZ,0.11,"{'money': 44, 'X': 2, 'Y': 11}",GDZ,0.25,"{'money': 160, 'X': 6, 'Y': 5}"
18,9,12,68,1,X,1,ZIP,0.1,"{'money': 152, 'X': 3, 'Y': 2}",GDZ,0.3,"{'money': 84, 'X': 3, 'Y': 6}"
18,15,11,25,1,Y,1,GDZ,0.3,"{'money': 71, 'X': 3, 'Y': 6}",GDZ,0.2,"{'money': 153, 'X': 2, 'Y': 7}"
19,15,16,71,1,X,1,GDZ,0.3,"{'money': 0, 'X': 4, 'Y': 6}",GDZ,0.4,"{'money': 235, 'X': 4, 'Y': 8}"
19,13,14,25,1,Y,1,GDZ,0.3,"{'money': 140, 'X': 6, 'Y': 6}",GDZ,0.1725,"{'money': 69, 'X': 2, 'Y': 10}"
19,18,13,72,1,X,1,GDZ,0.3,"{'money': 12, 'X': 4, 'Y': 6}",GDZ,0.3,"{'money': 212, 'X': 5, 'Y': 6}"
19,10,17,24,1,Y,1,GDZ,0.3,"{'money': 136, 'X': 6, 'Y': 6}",GDZ,0.2,"{'money': 93, 'X': 2, 'Y': 9}"
19,6,8,25,1,Y,1,ZIP,0.0,"{'money': 349, 'X': 0, 'Y': 2}",ZIP,0.0,"{'money': 62, 'X': 0, 'Y': 17}"
20,8,14,25,1,Y,1,ZIP,0.0,"{'money': 37, 'X': 0, 'Y': 18}",GDZ,0.2,"{'money': 94, 'X': 2, 'Y': 9}"
20,6,15,70,1,X,1,ZIP,0.1,"{'money': 279, 'X': 1, 'Y': 2}",GDZ,0.3,"{'money': 70, 'X': 3, 'Y': 6}"
20,13,17,25,1,Y,1,GDZ,0.35,"{'money': 187, 'X': 5, 'Y': 7}",GDZ,0.2,"{'money': 118, 'X': 2, 'Y': 8}"
20,12,10,69,1,X,1,GDZ,0.3,"{'money': 15, 'X': 4, 'Y': 6}",GDZ,0.3,"{'money': 205, 'X': 5, 'Y': 6}"
21,8,2,25,1,Y,1,ZIP,0.0,"{'money': 12, 'X': 0, 'Y': 19}",ZIP,0.1,"{'money': 65, 'X': 1, 'Y': 14}"
21,10,17,26,1,Y,1,GDZ,0.35,"{'money': 179, 'X': 5, 'Y': 7}",GDZ,0.2,"{'money': 144, 'X': 2, 'Y': 7}"
21,11,18,70,1,X,1,GDZ,0.2075,"{'money': 83, 'X': 3, 'Y': 7}",GDZ,0.3,"{'money': 82, 'X': 3, 'Y': 6}"
21,4,12,71,1,X,1,ZIP,0.05,"{'money': 184, 'X': 7, 'Y': 1}",GDZ,0.3,"{'money': 86, 'X': 3, 'Y': 6}"
22,10,14,26,1,Y,1,GDZ,0.3825,"{'money': 153, 'X': 5, 'Y': 8}",GDZ,0.2,"{'money': 120, 'X': 2, 'Y': 8}"
22,13,17,28,1,Y,1,GDZ,0.3975,"{'money': 159, 'X': 5, 'Y': 8}",GDZ,0.2,"{'money': 172, 'X': 2, 'Y': 6}"
22,9,14,27,1,Y,1,ZIP,0.15,"{'money': 125, 'X': 3, 'Y': 3}",GDZ,0.2,"{'money': 147, 'X': 2, 'Y': 7}"
22,12,4,71,1,X,1,GDZ,0.3,"{'money': 15, 'X': 4, 'Y': 6}",ZIP,0.05,"{'money': 255, 'X': 6, 'Y': 1}"
23,18,12,71,1,X,1,GDZ,0.3,"{'money': 11, 'X': 4, 'Y': 6}",GDZ,0.3,"{'money': 86, 'X': 3, 'Y': 6}"
23,3,8,26,1,Y,1,ZIP,0.05,"{'money': 158, 'X': 3, 'Y': 1}",ZIP,0.0,"{'money': 38, 'X': 0, 'Y': 18}"
23,15,13,69,1,X,1,GDZ,0.3,"{'money': 1, 'X': 4, 'Y': 6}",GDZ,0.4,"{'money': 228, 'X': 4, 'Y': 8}"
23,6,10,70,1,X,1,ZIP,0.1,"{'money': 209, 'X': 2, 'Y': 2}",GDZ,0.4,"{'money': 223, 'X': 4, 'Y': 8}"
23,16,11,25,1,Y,1,GDZ,0.45,"{'money': 210, 'X': 4, 'Y': 9}",GDZ,0.27,"{'money': 108, 'X': 3, 'Y': 6}"
24,17,1,71,1,X,1,GDZ,0.2525,"{'money': 101, 'X': 3, 'Y': 6}",ZIP,0.1,"{'money': 312, 'X': 5, 'Y': 2}"
24,6,11,25,1,Y,1,ZIP,0.15,"{'money': 184, 'X': 2, 'Y': 3}",GDZ,0.3,"{'money': 133, 'X': 3, 'Y': 5}"
24,13,14,27,1,Y,1,GDZ,0.45,"{'money': 201, 'X': 4, 'Y': 9}",GDZ,0.2,"{'money': 174, 'X': 2, 'Y': 6}"
24,17,18,70,1,X,1,GDZ,0.0775,"{'money': 31, 'X': 4, 'Y': 6}",GDZ,0.3,"{'money': 81, 'X': 3, 'Y': 6}"
25,18,15,71,1,X,1,GDZ,0.3,"{'money': 10, 'X': 4, 'Y': 6}",GDZ,0.3,"{'money': 72, 'X': 3, 'Y': 6}"
25,15,13,71,1,X,1,GDZ,0.3,"{'money': 1, 'X': 4, 'Y': 6}",GDZ,0.45,"{'money': 272, 'X': 3, 'Y': 9}"
25,12,4,71,1,X,1,GDZ,0.3,"{'money': 15, 'X': 4, 'Y': 6}",ZIP,0.05,"{'money': 326, 'X': 5, 'Y': 1}"
25,3,17,70,1,X,1,ZIP,0.05,"{'money': 88, 'X': 4, 'Y': 1}",GDZ,0.2525,"{'money': 101, 'X': 3, 'Y': 6}"
25,10,11,29,1,Y,1,GDZ,0.45,"{'money': 194, 'X': 4, 'Y': 9}",GDZ,0.3,"{'money': 162, 'X': 3, 'Y': 4}"
26,6,9,70,1,X,1,ZIP,0.15,"{'money': 114, 'X': 3, 'Y': 3}",ZIP,0.15,"{'money': 195, 'X': 2, 'Y': 3}"
26,4,12,72,1,X,1,ZIP,0.05,"{'money': 254, 'X': 6, 'Y': 1}",GDZ,0.3,"{'money': 87, 'X': 3, 'Y': 6}"
26,13,17,26,1,Y,1,GDZ,0.5,"{'money': 246, 'X': 3, 'Y': 10}",GDZ,0.3,"{'money': 127, 'X': 3, 'Y': 5}"
26,14,18,70,1,X,1,GDZ,0.26,"{'money': 104, 'X': 3, 'Y': 6}",GDZ,0.3,"{'money': 80, 'X': 3, 'Y': 6}"
27,16,14,25,1,Y,1,GDZ,0.4625,"{'money': 185, 'X': 4, 'Y': 10}",GDZ,0.3,"{'money': 129, 'X': 3, 'Y': 5}"
27,13,11,25,1,Y,1,GDZ,0.55,"{'money': 221, 'X': 3, 'Y': 11}",GDZ,0.3,"{'money': 187, 'X': 3, 'Y': 3}"
27,12,10,68,1,X,1,GDZ,0.3,"{'money': 19, 'X': 4, 'Y': 6}",GDZ,0.45,"{'money': 262, 'X': 3, 'Y': 9}"
28,18,4,70,1,X,1,GDZ,0.3,"{'money': 10, 'X': 4, 'Y': 6}",ZIP,0.05,"{'money': 324, 'X': 5, 'Y': 1}"
28,1,17,25,1,Y,1,ZIP,0.15,"{'money': 287, 'X': 5, 'Y': 3}",GDZ,0.3,"{'money': 152, 'X': 3, 'Y': 4}"
28,10,2,27,1,Y,1,GDZ,0.5,"{'money': 235, 'X': 3, 'Y': 10}",ZIP,0.1,"{'money': 92, 'X': 1, 'Y': 13}"
28,8,14,25,1,Y,1,ZIP,0.0,"{'money': 13, 'X': 0, 'Y': 19}",GDZ,0.3,"{'money': 154, 'X': 3, 'Y': 4}"
28,11,15,66,1,X,1,GDZ,0.3025,"{'money': 121, 'X': 4, 'Y': 3}",GDZ,0.3,"{'money': 67, 'X': 3, 'Y': 6}"
29,9,14,25,1,Y,1,ZIP,0.2,"{'money': 170, 'X': 2, 'Y': 4}",GDZ,0.3,"{'money': 179, 'X': 3, 'Y': 3}"
29,15,11,25,1,Y,1,GDZ,0.3,"{'money': 42, 'X': 3, 'Y': 7}",GDZ,0.365,"{'money': 146, 'X': 4, 'Y': 2}"
29,3,18,68,1,X,1,ZIP,0.05,"{'money': 20, 'X': 5, 'Y': 1}",GDZ,0.3,"{'money': 78, 'X': 3, 'Y': 6}"
30,18,6,69,1,X,1,GDZ,0.3,"{'money': 9, 'X': 4, 'Y': 6}",ZIP,0.15,"{'money': 183, 'X': 2, 'Y': 3}"
30,10,17,25,1,Y,1,GDZ,0.525,"{'money': 210, 'X': 3, 'Y': 11}",GDZ,0.3,"{'money': 177, 'X': 3, 'Y': 3}"
31,4,12,62,1,X,1,ZIP,0.05,"{'money': 262, 'X': 6, 'Y': 1}",GDZ,0.3,"{'money': 81, 'X': 3, 'Y': 6}"
32,12,10,63,1,X,1,GDZ,0.3,"{'money': 18, 'X': 4, 'Y': 6}",GDZ,0.55,"{'money': 273, 'X': 2, 'Y': 11}"
33,12,11,12,1,Y,1,GDZ,0.35,"{'money': 6, 'X': 4, 'Y': 7}",GDZ,0.395,"{'money': 158, 'X': 4, 'Y': 1}"
34,10,11,25,1,Y,1,GDZ,0.6,"{'money': 248, 'X': 2, 'Y': 12}",GDZ,0.4,"{'money': 183, 'X': 4, 'Y': 0}"
35,7,8,15,1,Y,1,ZIP,0.1725,"{'money': 69, 'X': 8, 'Y': 4}",ZIP,0.0,"{'money': 28, 'X': 0, 'Y': 18}"
35,6,18,59,1,X,1,ZIP,0.15,"{'money': 124, 'X': 3, 'Y': 3}",GDZ,0.3,"{'money': 68, 'X': 3, 'Y': 6}"
36,9,8,17,1,Y,1,ZIP,0.2,"{'money': 153, 'X': 2, 'Y': 5}",ZIP,0.0,"{'money': 45, 'X': 0, 'Y': 17}"
36,17,16,56,1,X,1,GDZ,0.3025,"{'money': 121, 'X': 4, 'Y': 3}",GDZ,0.5,"{'money': 241, 'X': 3, 'Y': 10}"
36,18,7,66,1,X,1,GDZ,0.3,"{'money': 2, 'X': 4, 'Y': 6}",ZIP,0.2,"{'money': 135, 'X': 7, 'Y': 4}"
37,16,17,19,1,Y,1,GDZ,0.55,"{'money': 222, 'X': 3, 'Y': 11}",GDZ,0.35,"{'money': 140, 'X': 4, 'Y': 2}"
38,9,17,18,1,Y,1,ZIP,0.2,"{'money': 135, 'X': 2, 'Y': 6}",GDZ,0.395,"{'money': 158, 'X': 4, 'Y': 1}"
39,14,10,55,1,X,1,GDZ,0.31,"{'money': 124, 'X': 4, 'Y': 3}",GDZ,0.6,"{'money': 303, 'X': 1, 'Y': 12}"
39,1,17,15,1,Y,1,ZIP,0.2,"{'money': 272, 'X': 5, 'Y': 4}",GDZ,0.4,"{'money': 173, 'X': 4, 'Y': 0}"
40,9,8,17,1,Y,1,ZIP,0.2,"{'money': 118, 'X': 2, 'Y': 7}",ZIP,0.0,"{'money': 62, 'X': 0, 'Y': 16}"
41,10,15,19,1,Y,1,GDZ,0.65,"{'money': 284, 'X': 1, 'Y': 13}",GDZ,0.3,"{'money': 61, 'X': 3, 'Y': 6}"
41,3,9,19,1,Y,1,ZIP,0.1,"{'money': 1, 'X': 5, 'Y': 2}",ZIP,0.2,"{'money': 137, 'X': 2, 'Y': 6}"
41,8,18,58,1,X,1,ZIP,0.01,"{'money': 4, 'X': 1, 'Y': 16}",GDZ,0.3,"{'money': 60, 'X': 3, 'Y': 6}"
42,10,8,18,1,Y,1,GDZ,0.665,"{'money': 266, 'X': 1, 'Y': 14}",ZIP,0.055,"{'money': 22, 'X': 1, 'Y': 15}"
42,18,13,57,1,X,1,GDZ,0.3,"{'money': 3, 'X': 4, 'Y': 6}",GDZ,0.55,"{'money': 278, 'X': 2, 'Y': 11}"
42,15,16,59,1,X,1,GDZ,0.3,"{'money': 2, 'X': 4, 'Y': 6}",GDZ,0.55,"{'money': 281, 'X': 2, 'Y': 11}"
43,16,14,18,1,Y,1,GDZ,0.6,"{'money': 263, 'X': 2, 'Y': 12}",GDZ,0.355,"{'money': 142, 'X': 4, 'Y': 2}"
44,9,2,18,1,Y,1,ZIP,0.2,"{'money': 119, 'X': 2, 'Y': 7}",ZIP,0.1,"{'money': 110, 'X': 1, 'Y': 12}"
44,6,18,51,1,X,1,ZIP,0.15,"{'money': 73, 'X': 4, 'Y': 3}",GDZ,0.3,"{'money': 54, 'X': 3, 'Y': 6}"
44,13,14,19,1,Y,1,GDZ,0.6,"{'money': 259, 'X': 2, 'Y': 12}",GDZ,0.4,"{'money': 161, 'X': 4, 'Y': 1}"
45,18,14,20,1,Y,1,GDZ,0.3,"{'money': 34, 'X': 3, 'Y': 7}",GDZ,0.4,"{'money': 181, 'X': 4, 'Y': 0}"
45,16,2,21,1,Y,1,GDZ,0.605,"{'money': 242, 'X': 2, 'Y': 13}",ZIP,0.1,"{'money': 131, 'X': 1, 'Y': 11}"
46,14,2,19,1,Y,1,GDZ,0.4,"{'money': 162, 'X': 4, 'Y': 1}",ZIP,0.1,"{'money': 150, 'X': 1, 'Y': 10}"
46,4,15,53,1,X,1,ZIP,0.05,"{'money': 209, 'X': 7, 'Y': 1}",GDZ,0.3,"{'money': 55, 'X': 3, 'Y': 6}"
47,4,18,17,1,Y,1,ZIP,0.1,"{'money': 192, 'X': 7, 'Y': 2}",GDZ,0.3,"{'money': 51, 'X': 3, 'Y': 6}"
47,15,10,52,1,X,1,GDZ,0.3,"{'money': 3, 'X': 4, 'Y': 6}",GDZ,0.7,"{'money': 318, 'X': 0, 'Y': 14}"
47,6,5,19,1,Y,1,ZIP,0.2,"{'money': 54, 'X': 4, 'Y': 4}",ZIP,0.1,"{'money': 58, 'X': 1, 'Y': 13}"
48,18,16,51,1,X,1,GDZ,0.3,"{'money': 0, 'X': 4, 'Y': 6}",GDZ,0.65,"{'money': 293, 'X': 1, 'Y': 13}"
48,9,15,51,1,X,1,ZIP,0.3,"{'money': 68, 'X': 3, 'Y': 7}",GDZ,0.3,"{'money': 54, 'X': 3, 'Y': 6}"
48,10,14,18,1,Y,1,GDZ,0.75,"{'money': 300, 'X': 0, 'Y': 15}",GDZ,0.4,"{'money': 180, 'X': 4, 'Y': 0}"
48,7,1,52,1,X,1,ZIP,0.2,"{'money': 83, 'X': 8, 'Y': 4}",ZIP,0.2,"{'money': 324, 'X': 4, 'Y': 4}"
49,14,2,19,1,Y,1,GDZ,0.4,"{'money': 161, 'X': 4, 'Y': 1}",ZIP,0.1,"{'money': 169, 'X': 1, 'Y': 9}"
49,15,13,54,1,X,1,GDZ,0.3,"{'money': 0, 'X': 4, 'Y': 6}",GDZ,0.6,"{'money': 313, 'X': 1, 'Y': 12}"
50,13,9,20,1,Y,1,GDZ,0.65,"{'money': 293, 'X': 1, 'Y': 13}",ZIP,0.3,"{'money': 88, 'X': 3, 'Y': 6}"
51,16,14,17,1,Y,1,GDZ,0.69,"{'money': 276, 'X': 1, 'Y': 14}",GDZ,0.4,"{'money': 178, 'X': 4, 'Y': 0}"
51,6,18,52,1,X,1,ZIP,0.2,"{'money': 2, 'X': 5, 'Y': 4}",GDZ,0.3,"{'money': 52, 'X': 3, 'Y': 6}"
52,2,4,52,1,X,1,ZIP,0.2,"{'money': 117, 'X': 2, 'Y': 9}",ZIP,0.1,"{'money': 244, 'X': 6, 'Y': 2}"
52,18,16,51,1,X,1,GDZ,0.3,"{'money': 1, 'X': 4, 'Y': 6}",GDZ,0.7,"{'money': 327, 'X': 0, 'Y': 14}"
54,9,1,51,1,X,1,ZIP,0.3,"{'money': 37, 'X': 4, 'Y': 6}",ZIP,0.2,"{'money': 375, 'X': 3, 'Y': 4}"
54,13,5,22,1,Y,1,GDZ,0.6775,"{'money': 271, 'X': 1, 'Y': 14}",ZIP,0.1,"{'money': 80, 'X': 1, 'Y': 12}"
59,4,13,35,1,X,1,ZIP,0.1,"{'money': 209, 'X': 7, 'Y': 2}",GDZ,0.7,"{'money': 306, 'X': 0, 'Y': 14}"
59,16,5,23,1,Y,1,GDZ,0.75,"{'money': 304, 'X': 0, 'Y': 15}",ZIP,0.1,"{'money': 103, 'X': 1, 'Y': 11}"
60,13,2,19,1,Y,1,GDZ,0.7175,"{'money': 287, 'X': 0, 'Y': 15}",ZIP,0.2,"{'money': 136, 'X': 2, 'Y': 8}"
60,4,18,37,1,X,1,ZIP,0.1,"{'money': 172, 'X': 8, 'Y': 2}",GDZ,0.3,"{'money': 38, 'X': 3, 'Y': 6}"
61,18,2,22,1,Y,1,GDZ,0.3,"{'money': 16, 'X': 3, 'Y': 7}",ZIP,0.2,"{'money': 158, 'X': 2, 'Y': 7}"
62,9,15,36,1,X,1,ZIP,0.3,"{'money': 1, 'X': 5, 'Y': 6}",GDZ,0.3,"{'money': 36, 'X': 3, 'Y': 6}"
63,15,18,19,1,Y,1,GDZ,0.3,"{'money': 17, 'X': 3, 'Y': 7}",GDZ,0.3,"{'money': 35, 'X': 3, 'Y': 6}"
64,2,9,38,1,X,1,ZIP,0.3,"{'money': 120, 'X': 3, 'Y': 7}",ZIP,0.3,"{'money': 39, 'X': 4, 'Y': 6}"
64,18,15,21,1,Y,1,GDZ,0.3,"{'money': 14, 'X': 3, 'Y': 7}",GDZ,0.3,"{'money': 38, 'X': 3, 'Y': 6}"
64,5,18,19,1,Y,1,ZIP,0.1,"{'money': 84, 'X': 1, 'Y': 12}",GDZ,0.3,"{'money': 33, 'X': 3, 'Y': 6}"
66,15,4,37,1,X,1,GDZ,0.3,"{'money': 1, 'X': 4, 'Y': 6}",ZIP,0.1,"{'money': 209, 'X': 7, 'Y': 2}"
67,9,8,21,1,Y,1,ZIP,0.35,"{'money': 18, 'X': 4, 'Y': 7}",ZIP,0.1,"{'money': 43, 'X': 1, 'Y': 14}"
67,4,15,34,1,X,1,ZIP,0.1,"{'money': 175, 'X': 8, 'Y': 2}",GDZ,0.3,"{'money': 35, 'X': 3, 'Y': 6}"
68,15,4,34,1,X,1,GDZ,0.3,"{'money': 1, 'X': 4, 'Y': 6}",ZIP,0.1,"{'money': 209, 'X': 7, 'Y': 2}"
68,18,8,22,1,Y,1,GDZ,0.3,"{'money': 11, 'X': 3, 'Y': 7}",ZIP,0.1,"{'money': 65, 'X': 1, 'Y': 13}"
69,4,2,22,1,Y,1,ZIP,0.15,"{'money': 187, 'X': 7, 'Y': 3}",ZIP,0.3,"{'money': 142, 'X': 3, 'Y': 6}"
70,5,18,20,1,Y,1,ZIP,0.1,"{'money': 64, 'X': 1, 'Y': 13}",GDZ,0.3,"{'money': 31, 'X': 3, 'Y': 6}"
72,4,15,33,1,X,1,ZIP,0.15,"{'money': 154, 'X': 8, 'Y': 3}",GDZ,0.3,"{'money': 34, 'X': 3, 'Y': 6}"
72,18,2,24,1,Y,1,GDZ,0.3,"{'money': 7, 'X': 3, 'Y': 7}",ZIP,0.3,"{'money': 166, 'X': 3, 'Y': 5}"
73,15,15,34,1,X,1,GDZ,0.3,"{'money': 34, 'X': 3, 'Y': 6}",GDZ,0.3,"{'money': 34, 'X': 3, 'Y': 6}"
73,1,18,20,1,Y,1,ZIP,0.25,"{'money': 355, 'X': 3, 'Y': 5}",GDZ,0.3,"{'money': 27, 'X': 3, 'Y': 6}"
74,15,2,23,1,Y,1,GDZ,0.3,"{'money': 11, 'X': 3, 'Y': 7}",ZIP,0.3,"{'money': 189, 'X': 3, 'Y': 4}"
76,18,15,23,1,Y,1,GDZ,0.3,"{'money': 4, 'X': 3, 'Y': 7}",GDZ,0.3,"{'money': 34, 'X': 3, 'Y': 6}"
77,15,18,23,1,Y,1,GDZ,0.3,"{'money': 11, 'X': 3, 'Y': 7}",GDZ,0.3,"{'money': 27, 'X': 3, 'Y': 6}"
77,2,4,35,1,X,1,ZIP,0.385,"{'money': 154, 'X': 4, 'Y': 4}",ZIP,0.15,"{'money': 189, 'X': 7, 'Y': 3}"
78,5,15,21,1,Y,1,ZIP,0.1,"{'money': 43, 'X': 1, 'Y': 14}",GDZ,0.3,"{'money': 32, 'X': 3, 'Y': 6}"
78,4,1,33,1,X,1,ZIP,0.15,"{'money': 156, 'X': 8, 'Y': 3}",ZIP,0.25,"{'money': 388, 'X': 2, 'Y': 5}"
79,18,5,24,1,Y,1,GDZ,0.3,"{'money': 3, 'X': 3, 'Y': 7}",ZIP,0.1,"{'money': 67, 'X': 1, 'Y': 13}"
80,4,4,33,1,X,1,ZIP,0.15,"{'money': 156, 'X': 8, 'Y': 3}",ZIP,0.15,"{'money': 156, 'X': 8, 'Y': 3}"
80,15,18,23,1,Y,1,GDZ,0.3,"{'money': 9, 'X': 3, 'Y': 7}",GDZ,0.3,"{'money': 26, 'X': 3, 'Y': 6}"
82,18,15,22,1,Y,1,GDZ,0.3,"{'money': 4, 'X': 3, 'Y': 7}",GDZ,0.3,"{'money': 31, 'X': 3, 'Y': 6}"
82,5,2,23,1,Y,1,ZIP,0.1,"{'money': 44, 'X': 1, 'Y': 14}",ZIP,0.4,"{'money': 177, 'X': 4, 'Y': 3}"
83,15,18,22,1,Y,1,GDZ,0.3,"{'money': 9, 'X': 3, 'Y': 7}",GDZ,0.3,"{'money': 26, 'X': 3, 'Y': 6}"
84,4,1,33,1,X,1,ZIP,0.15,"{'money': 123, 'X': 9, 'Y': 3}",ZIP,0.25,"{'money': 421, 'X': 1, 'Y': 5}"
85,18,15,22,1,Y,1,GDZ,0.3,"{'money': 4, 'X': 3, 'Y': 7}",GDZ,0.3,"{'money': 31, 'X': 3, 'Y': 6}"
86,4,1,33,1,X,1,ZIP,0.15,"{'money': 90, 'X': 10, 'Y': 3}",ZIP,0.25,"{'money': 454, 'X': 0, 'Y': 5}"
86,15,18,22,1,Y,1,GDZ,0.3,"{'money': 9, 'X': 3, 'Y': 7}",GDZ,0.3,"{'money': 26, 'X': 3, 'Y': 6}"
87,4,15,22,1,Y,1,ZIP,0.17,"{'money': 68, 'X': 10, 'Y': 4}",GDZ,0.3,"{'money': 31, 'X': 3, 'Y': 6}"
87,18,2,23,1,Y,1,GDZ,0.3,"{'money': 3, 'X': 3, 'Y': 7}",ZIP,0.4,"{'money': 200, 'X': 4, 'Y': 2}"
88,15,18,23,1,Y,1,GDZ,0.3,"{'money': 8, 'X': 3, 'Y': 7}",GDZ,0.3,"{'money': 26, 'X': 3, 'Y': 6}"
90,18,15,23,1,Y,1,GDZ,0.3,"{'money': 3, 'X': 3, 'Y': 7}",GDZ,0.3,"{'money': 31, 'X': 3, 'Y': 6}"
91,1,18,23,1,Y,1,ZIP,0.3,"{'money': 431, 'X': 0, 'Y': 6}",GDZ,0.3,"{'money': 26, 'X': 3, 'Y': 6}"
91,15,2,23,1,Y,1,GDZ,0.3,"{'money': 8, 'X': 3, 'Y': 7}",ZIP,0.4,"{'money': 223, 'X': 4, 'Y': 1}"
91,18,8,23,1,Y,1,GDZ,0.3,"{'money': 3, 'X': 3, 'Y': 7}",ZIP,0.1,"{'money': 88, 'X': 1, 'Y': 12}"
94,2,4,33,1,X,1,ZIP,0.475,"{'money': 190, 'X': 5, 'Y': 1}",ZIP,0.2,"{'money': 101, 'X': 9, 'Y': 4}"
95,4,15,18,1,Y,1,ZIP,0.2075,"{'money': 83, 'X': 9, 'Y': 5}",GDZ,0.3,"{'money': 26, 'X': 3, 'Y': 6}"
95,15,18,23,1,Y,1,GDZ,0.3,"{'money': 3, 'X': 3, 'Y': 7}",GDZ,0.3,"{'money': 26, 'X': 3, 'Y': 6}"
96,1,2,22,1,Y,1,ZIP,0.35,"{'money': 409, 'X': 0, 'Y': 7}",ZIP,0.5,"{'money': 212, 'X': 5, 'Y': 0}"
97,18,15,23,1,Y,1,GDZ,0.3,"{'money': 3, 'X': 3, 'Y': 7}",GDZ,0.3,"{'money': 26, 'X': 3, 'Y': 6}"
98,15,18,24,1,Y,1,GDZ,0.3,"{'money': 2, 'X': 3, 'Y': 7}",GDZ,0.3,"{'money': 27, 'X': 3, 'Y': 6}"
99,18,15,23,1,Y,1,GDZ,0.3,"{'money': 4, 'X': 3, 'Y': 7}",GDZ,0.3,"{'money': 25, 'X': 3, 'Y': 6}"
100,15,18,23,1,Y,1,GDZ,0.3,"{'money': 2, 'X': 3, 'Y': 7}",GDZ,0.3,"{'money': 27, 'X': 3, 'Y': 6}"
101,18,15,22,1,Y,1,GDZ,0.3,"{'money': 5, 'X': 3, 'Y': 7}",GDZ,0.3,"{'money': 24, 'X': 3, 'Y': 6}"
102,15,18,22,1,Y,1,GDZ,0.3,"{'money': 2, 'X': 3, 'Y': 7}",GDZ,0.3,"{'money': 27, 'X': 3, 'Y': 6}"
103,1,15,22,1,Y,1,ZIP,0.4,"{'money': 387, 'X': 0, 'Y': 8}",GDZ,0.3,"{'money': 24, 'X': 3, 'Y': 6}"
104,15,8,23,1,Y,1,GDZ,0.3,"{'money': 1, 'X': 3, 'Y': 7}",ZIP,0.1,"{'money': 111, 'X': 1, 'Y': 11}"
105,18,15,25,1,Y,1,GDZ,0.3,"{'money': 2, 'X': 3, 'Y': 7}",GDZ,0.3,"{'money': 26, 'X': 3, 'Y': 6}"
107,1,18,23,1,Y,1,ZIP,0.45,"{'money': 364, 'X': 0, 'Y': 9}",GDZ,0.3,"{'money': 25, 'X': 3, 'Y': 6}"
110,15,5,26,1,Y,1,GDZ,0.3,"{'money': 0, 'X': 3, 'Y': 7}",ZIP,0.1,"{'money': 70, 'X': 1, 'Y': 13}"
111,1,15,23,1,Y,1,ZIP,0.5,"{'money': 341, 'X': 0, 'Y': 10}",GDZ,0.3,"{'money': 23, 'X': 3, 'Y': 6}"
115,15,8,23,1,Y,1,GDZ,0.3,"{'money': 0, 'X': 3, 'Y': 7}",ZIP,0.1,"{'money': 134, 'X': 1, 'Y': 10}"
116,5,8,24,1,Y,1,ZIP,0.1,"{'money': 46, 'X': 1, 'Y': 14}",ZIP,0.1,"{'money': 158, 'X': 1, 'Y': 9}"
120,1,8,24,1,Y,1,ZIP,0.55,"{'money': 317, 'X': 0, 'Y': 11}",ZIP,0.1,"{'money': 182, 'X': 1, 'Y': 8}"
121,8,5,24,1,Y,1,ZIP,0.1,"{'money': 158, 'X': 1, 'Y': 9}",ZIP,0.1,"{'money': 70, 'X': 1, 'Y': 13}"
123,1,8,24,1,Y,1,ZIP,0.6,"{'money': 293, 'X': 0, 'Y': 12}",ZIP,0.1,"{'money': 182, 'X': 1, 'Y': 8}"
126,1,5,24,1,Y,1,ZIP,0.65,"{'money': 269, 'X': 0, 'Y': 13}",ZIP,0.1,"{'money': 94, 'X': 1, 'Y': 12}"
126,5,6,33,1,X,1,ZIP,0.1525,"{'money': 61, 'X': 2, 'Y': 12}",ZIP,0.2,"{'money': 35, 'X': 4, 'Y': 4}"
130,6,4,33,1,X,1,ZIP,0.2,"{'money': 2, 'X': 5, 'Y': 4}",ZIP,0.25,"{'money': 116, 'X': 8, 'Y': 5}"
134,8,6,33,1,X,1,ZIP,0.2,"{'money': 149, 'X': 2, 'Y': 8}",ZIP,0.2,"{'money': 35, 'X': 4, 'Y': 4}"
134,6,5,24,1,Y,1,ZIP,0.25,"{'money': 11, 'X': 4, 'Y': 5}",ZIP,0.2,"{'money': 85, 'X': 2, 'Y': 11}"
136,8,4,33,1,X,1,ZIP,0.29,"{'money': 116, 'X': 3, 'Y': 8}",ZIP,0.25,"{'money': 149, 'X': 7, 'Y': 5}"
139,4,7,33,1,X,1,ZIP,0.25,"{'money': 116, 'X': 8, 'Y': 5}",ZIP,0.2,"{'money': 116, 'X': 7, 'Y': 4}"
140,7,6,33,1,X,1,ZIP,0.2,"{'money': 83, 'X': 8, 'Y': 4}",ZIP,0.25,"{'money': 44, 'X': 3, 'Y': 5}"
143,6,5,24,1,Y,1,ZIP,0.3,"{'money': 20, 'X': 3, 'Y': 6}",ZIP,0.2,"{'money': 109, 'X': 2, 'Y': 10}"
145,5,8,24,1,Y,1,ZIP,0.2,"{'money': 85, 'X': 2, 'Y': 11}",ZIP,0.3,"{'money': 140, 'X': 3, 'Y': 7}"
1,15,7,33,1,X,2,GDZ,0.0,"{'money': 367, 'X': 1, 'Y': 0}",ZIP,0.0,"{'money': 33, 'X': 9, 'Y': 0}"
1,18,13,35,1,X,2,GDZ,0.0,"{'money': 365, 'X': 1, 'Y': 0}",GDZ,0.0,"{'money': 35, 'X': 9, 'Y': 0}"
1,12,10,34,1,X,2,GDZ,0.0,"{'money': 366, 'X': 1, 'Y': 0}",GDZ,0.0,"{'money': 34, 'X': 9, 'Y': 0}"
1,9,11,21,1,Y,2,ZIP,0.0,"{'money': 379, 'X': 0, 'Y': 1}",GDZ,0.0,"{'money': 21, 'X': 0, 'Y': 19}"
2,10,5,23,1,Y,2,GDZ,0.0275,"{'money': 11, 'X': 9, 'Y': 1}",ZIP,0.0,"{'money': 23, 'X': 0, 'Y': 19}"
2,9,4,34,1,X,2,ZIP,0.05,"{'money': 345, 'X': 1, 'Y': 1}",ZIP,0.0,"{'money': 34, 'X': 9, 'Y': 0}"
2,13,8,24,1,Y,2,GDZ,0.0275,"{'money': 11, 'X': 9, 'Y': 1}",ZIP,0.0,"{'money': 24, 'X': 0, 'Y': 19}"
2,15,17,24,1,Y,2,GDZ,0.05,"{'money': 343, 'X': 1, 'Y': 1}",GDZ,0.0,"{'money': 24, 'X': 0, 'Y': 19}"
2,12,11,22,1,Y,2,GDZ,0.05,"{'money': 344, 'X': 1, 'Y': 1}",GDZ,0.0,"{'money': 43, 'X': 0, 'Y': 18}"
3,18,14,24,1,Y,2,GDZ,0.05,"{'money': 341, 'X': 1, 'Y': 1}",GDZ,0.0,"{'money': 24, 'X': 0, 'Y': 19}"
3,15,17,24,1,Y,2,GDZ,0.1,"{'money': 319, 'X': 1, 'Y': 2}",GDZ,0.0,"{'money': 48, 'X': 0, 'Y': 18}"
4,12,11,25,1,Y,2,GDZ,0.1,"{'money': 319, 'X': 1, 'Y': 2}",GDZ,0.0,"{'money': 68, 'X': 0, 'Y': 17}"
4,18,17,25,1,Y,2,GDZ,0.1,"{'money': 316, 'X': 1, 'Y': 2}",GDZ,0.0,"{'money': 73, 'X': 0, 'Y': 17}"
4,12,11,24,1,Y,2,GDZ,0.1,"{'money': 295, 'X': 1, 'Y': 3}",GDZ,0.0,"{'money': 92, 'X': 0, 'Y': 16}"
4,15,10,34,1,X,2,GDZ,0.1,"{'money': 285, 'X': 2, 'Y': 2}",GDZ,0.05,"{'money': 45, 'X': 8, 'Y': 1}"
4,4,14,25,1,Y,2,ZIP,0.0225,"{'money': 9, 'X': 9, 'Y': 1}",GDZ,0.0,"{'money': 49, 'X': 0, 'Y': 18}"
5,7,2,24,1,Y,2,ZIP,0.0225,"{'money': 9, 'X': 9, 'Y': 1}",ZIP,0.0,"{'money': 24, 'X': 0, 'Y': 19}"
5,11,16,36,1,X,2,GDZ,0.1,"{'money': 56, 'X': 1, 'Y': 16}",GDZ,0.0,"{'money': 36, 'X': 9, 'Y': 0}"
6,15,2,24,1,Y,2,GDZ,0.15,"{'money': 261, 'X': 2, 'Y': 3}",ZIP,0.0,"{'money': 48, 'X': 0, 'Y': 18}"
6,18,7,37,1,X,2,GDZ,0.1,"{'money': 279, 'X': 2, 'Y': 2}",ZIP,0.05,"{'money': 46, 'X': 8, 'Y': 1}"
6,16,11,24,1,Y,2,GDZ,0.03,"{'money': 12, 'X': 9, 'Y': 1}",GDZ,0.1,"{'money': 80, 'X': 1, 'Y': 15}"
7,18,2,24,1,Y,2,GDZ,0.15,"{'money': 255, 'X': 2, 'Y': 3}",ZIP,0.0,"{'money': 72, 'X': 0, 'Y': 17}"
7,14,4,41,1,X,2,GDZ,0.02,"{'money': 8, 'X': 1, 'Y': 18}",ZIP,0.05,"{'money': 50, 'X': 8, 'Y': 1}"
8,11,16,36,1,X,2,GDZ,0.11,"{'money': 44, 'X': 2, 'Y': 15}",GDZ,0.05,"{'money': 48, 'X': 8, 'Y': 1}"
8,15,14,23,1,Y,2,GDZ,0.2,"{'money': 238, 'X': 2, 'Y': 4}",GDZ,0.0775,"{'money': 31, 'X': 1, 'Y': 17}"
8,16,5,24,1,Y,2,GDZ,0.06,"{'money': 24, 'X': 8, 'Y': 2}",ZIP,0.0,"{'money': 47, 'X': 0, 'Y': 18}"
9,12,16,39,1,X,2,GDZ,0.15,"{'money': 256, 'X': 2, 'Y': 3}",GDZ,0.1,"{'money': 63, 'X': 7, 'Y': 2}"
9,12,14,25,1,Y,2,GDZ,0.2,"{'money': 231, 'X': 2, 'Y': 4}",GDZ,0.1,"{'money': 56, 'X': 1, 'Y': 16}"
10,18,5,24,1,Y,2,GDZ,0.2,"{'money': 231, 'X': 2, 'Y': 4}",ZIP,0.0,"{'money': 71, 'X': 0, 'Y': 17}"
10,7,11,24,1,Y,2,ZIP,0.055,"{'money': 22, 'X': 8, 'Y': 2}",GDZ,0.17,"{'money': 68, 'X': 2, 'Y': 14}"
10,12,16,42,1,X,2,GDZ,0.2,"{'money': 189, 'X': 3, 'Y': 4}",GDZ,0.1,"{'money': 105, 'X': 6, 'Y': 2}"
10,3,8,24,1,Y,2,ZIP,0.0,"{'money': 376, 'X': 0, 'Y': 1}",ZIP,0.0,"{'money': 48, 'X': 0, 'Y': 18}"
11,16,11,24,1,Y,2,GDZ,0.15,"{'money': 81, 'X': 6, 'Y': 3}",GDZ,0.2,"{'money': 92, 'X': 2, 'Y': 13}"
12,12,14,25,1,Y,2,GDZ,0.25,"{'money': 164, 'X': 3, 'Y': 5}",GDZ,0.1,"{'money': 81, 'X': 1, 'Y': 15}"
12,15,16,43,1,X,2,GDZ,0.2,"{'money': 195, 'X': 3, 'Y': 4}",GDZ,0.15,"{'money': 124, 'X': 5, 'Y': 3}"
13,8,1,42,1,X,2,ZIP,0.015,"{'money': 6, 'X': 1, 'Y': 18}",ZIP,0.0,"{'money': 42, 'X': 9, 'Y': 0}"
13,16,11,25,1,Y,2,GDZ,0.2,"{'money': 99, 'X': 5, 'Y': 4}",GDZ,0.2,"{'money': 117, 'X': 2, 'Y': 12}"
13,9,4,42,1,X,2,ZIP,0.05,"{'money': 303, 'X': 2, 'Y': 1}",ZIP,0.05,"{'money': 92, 'X': 7, 'Y': 1}"
13,5,7,41,1,X,2,ZIP,0.075,"{'money': 30, 'X': 1, 'Y': 17}",ZIP,0.1,"{'money': 63, 'X': 7, 'Y': 2}"
13,15,14,26,1,Y,2,GDZ,0.25,"{'money': 169, 'X': 3, 'Y': 5}",GDZ,0.1,"{'money': 107, 'X': 1, 'Y': 14}"
13,18,1,43,1,X,2,GDZ,0.2,"{'money': 188, 'X': 3, 'Y': 4}",ZIP,0.0,"{'money': 85, 'X': 8, 'Y': 0}"
14,15,11,23,1,Y,2,GDZ,0.3,"{'money': 146, 'X': 3, 'Y': 6}",GDZ,0.2,"{'money': 140, 'X': 2, 'Y': 11}"
14,14,16,43,1,X,2,GDZ,0.16,"{'money': 64, 'X': 2, 'Y': 14}",GDZ,0.2,"{'money': 142, 'X': 4, 'Y': 4}"
15,16,2,28,1,Y,2,GDZ,0.25,"{'money': 114, 'X': 4, 'Y': 5}",ZIP,0.0,"{'money': 100, 'X': 0, 'Y': 16}"
15,17,7,43,1,X,2,GDZ,0.075,"{'money': 30, 'X': 1, 'Y': 17}",ZIP,0.1,"{'money': 106, 'X': 6, 'Y': 2}"
15,4,14,24,1,Y,2,ZIP,0.1,"{'money': 68, 'X': 7, 'Y': 2}",GDZ,0.2,"{'money': 88, 'X': 2, 'Y': 13}"
16,18,17,24,1,Y,2,GDZ,0.25,"{'money': 164, 'X': 3, 'Y': 5}",GDZ,0.1,"{'money': 54, 'X': 1, 'Y': 16}"
16,11,16,42,1,X,2,GDZ,0.245,"{'money': 98, 'X': 3, 'Y': 11}",GDZ,0.25,"{'money': 156, 'X': 3, 'Y': 5}"
17,12,11,24,1,Y,2,GDZ,0.3,"{'money': 140, 'X': 3, 'Y': 6}",GDZ,0.3,"{'money': 122, 'X': 3, 'Y': 10}"
17,3,14,23,1,Y,2,ZIP,0.0,"{'money': 353, 'X': 0, 'Y': 2}",GDZ,0.2,"{'money': 111, 'X': 2, 'Y': 12}"
18,16,17,26,1,Y,2,GDZ,0.3,"{'money': 130, 'X': 3, 'Y': 6}",GDZ,0.1,"{'money': 80, 'X': 1, 'Y': 15}"
18,15,16,45,1,X,2,GDZ,0.3,"{'money': 101, 'X': 4, 'Y': 6}",GDZ,0.3,"{'money': 175, 'X': 2, 'Y': 6}"
18,12,7,44,1,X,2,GDZ,0.3,"{'money': 96, 'X': 4, 'Y': 6}",ZIP,0.1,"{'money': 150, 'X': 5, 'Y': 2}"
18,18,11,24,1,Y,2,GDZ,0.3,"{'money': 140, 'X': 3, 'Y': 6}",GDZ,0.3,"{'money': 146, 'X': 3, 'Y': 9}"
19,16,14,25,1,Y,2,GDZ,0.35,"{'money': 150, 'X': 2, 'Y': 7}",GDZ,0.2,"{'money': 136, 'X': 2, 'Y': 11}"
19,15,17,25,1,Y,2,GDZ,0.35,"{'money': 76, 'X': 4, 'Y': 7}",GDZ,0.1,"{'money': 105, 'X': 1, 'Y': 14}"
20,18,16,43,1,X,2,GDZ,0.3,"{'money': 97, 'X': 4, 'Y': 6}",GDZ,0.35,"{'money': 193, 'X': 1, 'Y': 7}"
20,18,11,26,1,Y,2,GDZ,0.35,"{'money': 71, 'X': 4, 'Y': 7}",GDZ,0.3,"{'money': 172, 'X': 3, 'Y': 8}"
20,6,1,43,1,X,2,ZIP,0.0,"{'money': 357, 'X': 1, 'Y': 0}",ZIP,0.0,"{'money': 128, 'X': 7, 'Y': 0}"
20,11,4,44,1,X,2,GDZ,0.32,"{'money': 128, 'X': 4, 'Y': 8}",ZIP,0.1,"{'money': 112, 'X': 6, 'Y': 2}"
21,16,11,30,1,Y,2,GDZ,0.4,"{'money': 163, 'X': 1, 'Y': 8}",GDZ,0.395,"{'money': 158, 'X': 4, 'Y': 7}"
21,14,9,44,1,X,2,GDZ,0.23,"{'money': 92, 'X': 3, 'Y': 11}",ZIP,0.05,"{'money': 347, 'X': 1, 'Y': 1}"
21,15,14,25,1,Y,2,GDZ,0.4,"{'money': 51, 'X': 4, 'Y': 8}",GDZ,0.2925,"{'money': 117, 'X': 3, 'Y': 10}"
22,12,11,25,1,Y,2,GDZ,0.35,"{'money': 71, 'X': 4, 'Y': 7}",GDZ,0.4,"{'money': 183, 'X': 4, 'Y': 6}"
22,15,1,45,1,X,2,GDZ,0.4,"{'money': 6, 'X': 5, 'Y': 8}",ZIP,0.0,"{'money': 173, 'X': 6, 'Y': 0}"
22,17,16,45,1,X,2,GDZ,0.15,"{'money': 60, 'X': 2, 'Y': 14}",GDZ,0.4,"{'money': 208, 'X': 0, 'Y': 8}"
22,3,14,25,1,Y,2,ZIP,0.0,"{'money': 328, 'X': 0, 'Y': 3}",GDZ,0.3,"{'money': 142, 'X': 3, 'Y': 9}"
23,18,17,25,1,Y,2,GDZ,0.4,"{'money': 46, 'X': 4, 'Y': 8}",GDZ,0.2,"{'money': 85, 'X': 2, 'Y': 13}"
23,6,6,44,1,X,2,ZIP,0.0,"{'money': 357, 'X': 1, 'Y': 0}",ZIP,0.0,"{'money': 357, 'X': 1, 'Y': 0}"
23,12,14,25,1,Y,2,GDZ,0.4,"{'money': 46, 'X': 4, 'Y': 8}",GDZ,0.3,"{'money': 167, 'X': 3, 'Y': 8}"
23,9,11,25,1,Y,2,ZIP,0.1,"{'money': 322, 'X': 1, 'Y': 2}",GDZ,0.4,"{'money': 208, 'X': 4, 'Y': 5}"
23,3,15,43,1,X,2,ZIP,0.1,"{'money': 285, 'X': 1, 'Y': 3}",GDZ,0.4,"{'money': 49, 'X': 4, 'Y': 8}"
24,16,8,26,1,Y,2,GDZ,0.45,"{'money': 182, 'X': 0, 'Y': 9}",ZIP,0.08,"{'money': 32, 'X': 1, 'Y': 17}"
24,3,4,44,1,X,2,ZIP,0.15,"{'money': 241, 'X': 2, 'Y': 3}",ZIP,0.1,"{'money': 156, 'X': 5, 'Y': 2}"
24,14,7,45,1,X,2,GDZ,0.305,"{'money': 122, 'X': 4, 'Y': 8}",ZIP,0.1,"{'money': 195, 'X': 4, 'Y': 2}"
24,16,17,25,1,Y,2,GDZ,0.3925,"{'money': 157, 'X': 0, 'Y': 10}",GDZ,0.2,"{'money': 110, 'X': 2, 'Y': 12}"
24,1,2,25,1,Y,2,ZIP,0.05,"{'money': 148, 'X': 6, 'Y': 1}",ZIP,0.0,"{'money': 125, 'X': 0, 'Y': 15}"
24,18,4,44,1,X,2,GDZ,0.4,"{'money': 2, 'X': 5, 'Y': 8}",ZIP,0.1,"{'money': 200, 'X': 4, 'Y': 2}"
25,11,18,45,1,X,2,GDZ,0.4075,"{'money': 163, 'X': 5, 'Y': 5}",GDZ,0.4,"{'money': 47, 'X': 4, 'Y': 8}"
25,12,6,46,1,X,2,GDZ,0.4,"{'money': 0, 'X': 5, 'Y': 8}",ZIP,0.0,"{'money': 403, 'X': 0, 'Y': 0}"
26,6,11,22,1,Y,2,ZIP,0.0,"{'money': 381, 'X': 0, 'Y': 1}",GDZ,0.4625,"{'money': 185, 'X': 5, 'Y': 4}"
26,3,5,24,1,Y,2,ZIP,0.2,"{'money': 217, 'X': 2, 'Y': 4}",ZIP,0.1,"{'money': 54, 'X': 1, 'Y': 16}"
26,15,12,46,1,X,2,GDZ,0.4,"{'money': 3, 'X': 5, 'Y': 8}",GDZ,0.4,"{'money': 46, 'X': 4, 'Y': 8}"
27,6,14,21,1,Y,2,ZIP,0.0,"{'money': 360, 'X': 0, 'Y': 2}",GDZ,0.3575,"{'money': 143, 'X': 4, 'Y': 7}"
28,12,15,45,1,X,2,GDZ,0.4,"{'money': 1, 'X': 5, 'Y': 8}",GDZ,0.4,"{'money': 48, 'X': 4, 'Y': 8}"
28,3,17,25,1,Y,2,ZIP,0.2,"{'money': 192, 'X': 2, 'Y': 5}",GDZ,0.2,"{'money': 135, 'X': 2, 'Y': 11}"
28,18,15,46,1,X,2,GDZ,0.4,"{'money': 1, 'X': 5, 'Y': 8}",GDZ,0.3,"{'money': 94, 'X': 3, 'Y': 8}"
28,17,12,46,1,X,2,GDZ,0.2225,"{'money': 89, 'X': 3, 'Y': 11}",GDZ,0.4,"{'money': 47, 'X': 4, 'Y': 8}"
29,3,11,19,1,Y,2,ZIP,0.2,"{'money': 173, 'X': 2, 'Y': 6}",GDZ,0.5,"{'money': 204, 'X': 5, 'Y': 3}"
29,15,7,47,1,X,2,GDZ,0.4,"{'money': 47, 'X': 4, 'Y': 8}",ZIP,0.1,"{'money': 242, 'X': 3, 'Y': 2}"
29,6,14,23,1,Y,2,ZIP,0.0,"{'money': 337, 'X': 0, 'Y': 3}",GDZ,0.4,"{'money': 166, 'X': 4, 'Y': 6}"
30,12,18,46,1,X,2,GDZ,0.4,"{'money': 1, 'X': 5, 'Y': 8}",GDZ,0.4,"{'money': 47, 'X': 4, 'Y': 8}"
30,1,14,18,1,Y,2,ZIP,0.1,"{'money': 130, 'X': 6, 'Y': 2}",GDZ,0.4,"{'money': 184, 'X': 4, 'Y': 5}"
31,18,2,24,1,Y,2,GDZ,0.4,"{'money': 23, 'X': 4, 'Y': 9}",ZIP,0.0,"{'money': 149, 'X': 0, 'Y': 14}"
31,15,4,47,1,X,2,GDZ,0.4,"{'money': 0, 'X': 5, 'Y': 8}",ZIP,0.1,"{'money': 247, 'X': 3, 'Y': 2}"
31,3,15,45,1,X,2,ZIP,0.3,"{'money': 128, 'X': 3, 'Y': 6}",GDZ,0.4,"{'money': 45, 'X': 4, 'Y': 8}"
31,6,12,45,1,X,2,ZIP,0.1,"{'money': 292, 'X': 1, 'Y': 3}",GDZ,0.4,"{'money': 46, 'X': 4, 'Y': 8}"
31,7,16,22,1,Y,2,ZIP,0.15,"{'money': 220, 'X': 3, 'Y': 3}",GDZ,0.4475,"{'money': 179, 'X': 0, 'Y': 9}"
32,1,8,21,1,Y,2,ZIP,0.15,"{'money': 109, 'X': 6, 'Y': 3}",ZIP,0.1,"{'money': 53, 'X': 1, 'Y': 16}"
32,9,6,20,1,Y,2,ZIP,0.1,"{'money': 302, 'X': 1, 'Y': 3}",ZIP,0.1,"{'money': 312, 'X': 1, 'Y': 2}"
32,4,18,20,1,Y,2,ZIP,0.15,"{'money': 227, 'X': 3, 'Y': 3}",GDZ,0.4,"{'money': 43, 'X': 4, 'Y': 8}"
33,15,5,22,1,Y,2,GDZ,0.4,"{'money': 23, 'X': 4, 'Y': 9}",ZIP,0.1,"{'money': 76, 'X': 1, 'Y': 15}"
33,12,7,46,1,X,2,GDZ,0.4,"{'money': 0, 'X': 5, 'Y': 8}",ZIP,0.15,"{'money': 266, 'X': 2, 'Y': 3}"
33,18,17,21,1,Y,2,GDZ,0.4,"{'money': 22, 'X': 4, 'Y': 9}",GDZ,0.275,"{'money': 110, 'X': 3, 'Y': 10}"
33,3,1,45,1,X,2,ZIP,0.3,"{'money': 83, 'X': 4, 'Y': 6}",ZIP,0.15,"{'money': 154, 'X': 5, 'Y': 3}"
34,6,15,20,1,Y,2,ZIP,0.1,"{'money': 292, 'X': 1, 'Y': 3}",GDZ,0.4,"{'money': 43, 'X': 4, 'Y': 8}"
34,2,12,45,1,X,2,ZIP,0.1,"{'money': 104, 'X': 1, 'Y': 14}",GDZ,0.4,"{'money': 45, 'X': 4, 'Y': 8}"
34,3,17,20,1,Y,2,ZIP,0.35,"{'money': 63, 'X': 4, 'Y': 7}",GDZ,0.3,"{'money': 130, 'X': 3, 'Y': 9}"
35,12,11,20,1,Y,2,GDZ,0.4,"{'money': 25, 'X': 4, 'Y': 9}",GDZ,0.5,"{'money': 224, 'X': 5, 'Y': 2}"
35,15,5,21,1,Y,2,GDZ,0.4,"{'money': 22, 'X': 4, 'Y': 9}",ZIP,0.1,"{'money': 97, 'X': 1, 'Y': 14}"
35,2,1,46,1,X,2,ZIP,0.145,"{'money': 58, 'X': 2, 'Y': 14}",ZIP,0.15,"{'money': 200, 'X': 4, 'Y': 3}"
36,3,11,17,1,Y,2,ZIP,0.4,"{'money': 46, 'X': 4, 'Y': 8}",GDZ,0.5,"{'money': 241, 'X': 5, 'Y': 1}"
36,6,2,20,1,Y,2,ZIP,0.1,"{'money': 272, 'X': 1, 'Y': 4}",ZIP,0.195,"{'money': 78, 'X': 2, 'Y': 13}"
36,7,12,20,1,Y,2,ZIP,0.2,"{'money': 246, 'X': 2, 'Y': 4}",GDZ,0.4,"{'money': 45, 'X': 4, 'Y': 8}"
37,12,11,14,1,Y,2,GDZ,0.4,"{'money': 31, 'X': 4, 'Y': 9}",GDZ,0.5,"{'money': 255, 'X': 5, 'Y': 0}"
38,9,4,46,1,X,2,ZIP,0.15,"{'money': 256, 'X': 2, 'Y': 3}",ZIP,0.15,"{'money': 273, 'X': 2, 'Y': 3}"
38,11,4,47,1,X,2,GDZ,0.52,"{'money': 208, 'X': 6, 'Y': 0}",ZIP,0.15,"{'money': 320, 'X': 1, 'Y': 3}"
38,6,12,14,1,Y,2,ZIP,0.1,"{'money': 258, 'X': 1, 'Y': 5}",GDZ,0.4,"{'money': 45, 'X': 4, 'Y': 8}"
39,4,18,14,1,Y,2,ZIP,0.2,"{'money': 306, 'X': 1, 'Y': 4}",GDZ,0.4,"{'money': 36, 'X': 4, 'Y': 8}"
40,18,17,15,1,Y,2,GDZ,0.4,"{'money': 21, 'X': 4, 'Y': 9}",GDZ,0.3,"{'money': 145, 'X': 3, 'Y': 8}"
40,12,14,14,1,Y,2,GDZ,0.4,"{'money': 31, 'X': 4, 'Y': 9}",GDZ,0.4,"{'money': 198, 'X': 4, 'Y': 4}"
41,6,1,46,1,X,2,ZIP,0.2,"{'money': 212, 'X': 2, 'Y': 5}",ZIP,0.15,"{'money': 246, 'X': 3, 'Y': 3}"
41,3,15,14,1,Y,2,ZIP,0.4,"{'money': 32, 'X': 4, 'Y': 9}",GDZ,0.4,"{'money': 36, 'X': 4, 'Y': 8}"
41,4,1,46,1,X,2,ZIP,0.2,"{'money': 260, 'X': 2, 'Y': 4}",ZIP,0.15,"{'money': 292, 'X': 2, 'Y': 3}"
42,5,5,14,1,Y,2,ZIP,0.1,"{'money': 97, 'X': 1, 'Y': 14}",ZIP,0.1,"{'money': 97, 'X': 1, 'Y': 14}"
43,9,7,46,1,X,2,ZIP,0.15,"{'money': 210, 'X': 3, 'Y': 3}",ZIP,0.2,"{'money': 292, 'X': 1, 'Y': 4}"
43,3,12,15,1,Y,2,ZIP,0.4,"{'money': 17, 'X': 4, 'Y': 10}",GDZ,0.4,"{'money': 46, 'X': 4, 'Y': 8}"
44,9,7,46,1,X,2,ZIP,0.15,"{'money': 164, 'X': 4, 'Y': 3}",ZIP,0.2,"{'money': 338, 'X': 0, 'Y': 4}"
44,3,2,16,1,Y,2,ZIP,0.4,"{'money': 1, 'X': 4, 'Y': 11}",ZIP,0.2,"{'money': 94, 'X': 2, 'Y': 12}"
45,7,8,16,1,Y,2,ZIP,0.25,"{'money': 322, 'X': 0, 'Y': 5}",ZIP,0.1,"{'money': 69, 'X': 1, 'Y': 15}"
46,7,1,46,1,X,2,ZIP,0.25,"{'money': 276, 'X': 1, 'Y': 5}",ZIP,0.15,"{'money': 338, 'X': 1, 'Y': 3}"
47,9,1,46,1,X,2,ZIP,0.15,"{'money': 118, 'X': 5, 'Y': 3}",ZIP,0.15,"{'money': 384, 'X': 0, 'Y': 3}"
47,5,8,15,1,Y,2,ZIP,0.1,"{'money': 82, 'X': 1, 'Y': 15}",ZIP,0.1,"{'money': 84, 'X': 1, 'Y': 14}"
48,9,7,46,1,X,2,ZIP,0.15,"{'money': 72, 'X': 6, 'Y': 3}",ZIP,0.25,"{'money': 322, 'X': 0, 'Y': 5}"
49,8,6,14,1,Y,2,ZIP,0.1,"{'money': 70, 'X': 1, 'Y': 15}",ZIP,0.2,"{'money': 226, 'X': 2, 'Y': 4}"
49,7,2,15,1,Y,2,ZIP,0.3,"{'money': 307, 'X': 0, 'Y': 6}",ZIP,0.2,"{'money': 109, 'X': 2, 'Y': 11}"
51,1,8,15,1,Y,2,ZIP,0.2,"{'money': 369, 'X': 0, 'Y': 4}",ZIP,0.1,"{'money': 85, 'X': 1, 'Y': 14}"
52,6,5,15,1,Y,2,ZIP,0.2,"{'money': 211, 'X': 2, 'Y': 5}",ZIP,0.1,"{'money': 97, 'X': 1, 'Y': 14}"
52,4,4,47,1,X,2,ZIP,0.2,"{'money': 260, 'X': 2, 'Y': 4}",ZIP,0.2,"{'money': 260, 'X': 2, 'Y': 4}"
53,9,5,15,1,Y,2,ZIP,0.2,"{'money': 57, 'X': 6, 'Y': 4}",ZIP,0.1,"{'money': 112, 'X': 1, 'Y': 13}"
54,4,2,15,1,Y,2,ZIP,0.25,"{'money': 245, 'X': 2, 'Y': 5}",ZIP,0.2,"{'money': 124, 'X': 2, 'Y': 10}"
55,8,6,15,1,Y,2,ZIP,0.1,"{'money': 70, 'X': 1, 'Y': 15}",ZIP,0.2,"{'money': 226, 'X': 2, 'Y': 4}"
56,5,4,47,1,X,2,ZIP,0.1625,"{'money': 65, 'X': 2, 'Y': 13}",ZIP,0.25,"{'money': 292, 'X': 1, 'Y': 5}"
56,7,2,15,1,Y,2,ZIP,0.35,"{'money': 292, 'X': 0, 'Y': 7}",ZIP,0.2,"{'money': 139, 'X': 2, 'Y': 9}"
56,8,5,15,1,Y,2,ZIP,0.1,"{'money': 55, 'X': 1, 'Y': 16}",ZIP,0.2,"{'money': 80, 'X': 2, 'Y': 12}"
61,6,4,47,1,X,2,ZIP,0.2,"{'money': 179, 'X': 3, 'Y': 4}",ZIP,0.25,"{'money': 339, 'X': 0, 'Y': 5}"
62,4,6,47,1,X,2,ZIP,0.25,"{'money': 292, 'X': 1, 'Y': 5}",ZIP,0.2,"{'money': 226, 'X': 2, 'Y': 4}"
63,9,5,15,1,Y,2,ZIP,0.25,"{'money': 42, 'X': 6, 'Y': 5}",ZIP,0.2,"{'money': 95, 'X': 2, 'Y': 11}"
64,4,9,47,1,X,2,ZIP,0.25,"{'money': 245, 'X': 2, 'Y': 5}",ZIP,0.25,"{'money': 89, 'X': 5, 'Y': 5}"
64,4,2,15,1,Y,2,ZIP,0.3,"{'money': 230, 'X': 2, 'Y': 6}",ZIP,0.2,"{'money': 154, 'X': 2, 'Y': 8}"
65,6,5,15,1,Y,2,ZIP,0.2,"{'money': 211, 'X': 2, 'Y': 5}",ZIP,0.2,"{'money': 110, 'X': 2, 'Y': 10}"
66,5,5,15,1,Y,2,ZIP,0.2,"{'money': 110, 'X': 2, 'Y': 10}",ZIP,0.2,"{'money': 110, 'X': 2, 'Y': 10}"
67,2,4,47,1,X,2,ZIP,0.2675,"{'money': 107, 'X': 3, 'Y': 8}",ZIP,0.3,"{'money': 277, 'X': 1, 'Y': 6}"
68,6,9,47,1,X,2,ZIP,0.25,"{'money': 164, 'X': 3, 'Y': 5}",ZIP,0.25,"{'money': 136, 'X': 4, 'Y': 5}"
72,6,5,15,1,Y,2,ZIP,0.3,"{'money': 149, 'X': 3, 'Y': 6}",ZIP,0.2,"{'money': 125, 'X': 2, 'Y': 9}"
73,8,5,15,1,Y,2,ZIP,0.1,"{'money': 40, 'X': 1, 'Y': 17}",ZIP,0.2,"{'money': 140, 'X': 2, 'Y': 8}"
74,4,4,47,1,X,2,ZIP,0.3,"{'money': 277, 'X': 1, 'Y': 6}",ZIP,0.3,"{'money': 277, 'X': 1, 'Y': 6}"
74,9,5,15,1,Y,2,ZIP,0.3,"{'money': 121, 'X': 4, 'Y': 6}",ZIP,0.2,"{'money': 155, 'X': 2, 'Y': 7}"
75,7,8,15,1,Y,2,ZIP,0.4,"{'money': 277, 'X': 0, 'Y': 8}",ZIP,0.1,"{'money': 55, 'X': 1, 'Y': 16}"
75,4,5,15,1,Y,2,ZIP,0.35,"{'money': 262, 'X': 1, 'Y': 7}",ZIP,0.2,"{'money': 170, 'X': 2, 'Y': 6}"
75,6,9,47,1,X,2,ZIP,0.3,"{'money': 102, 'X': 4, 'Y': 6}",ZIP,0.3,"{'money': 168, 'X': 3, 'Y': 6}"
76,1,5,15,1,Y,2,ZIP,0.25,"{'money': 354, 'X': 0, 'Y': 5}",ZIP,0.2,"{'money': 185, 'X': 2, 'Y': 5}"
77,7,4,47,1,X,2,ZIP,0.4,"{'money': 230, 'X': 1, 'Y': 8}",ZIP,0.35,"{'money': 309, 'X': 0, 'Y': 7}"
78,9,8,15,1,Y,2,ZIP,0.3,"{'money': 153, 'X': 3, 'Y': 7}",ZIP,0.1,"{'money': 70, 'X': 1, 'Y': 15}"
78,9,5,15,1,Y,2,ZIP,0.3,"{'money': 138, 'X': 3, 'Y': 8}",ZIP,0.2,"{'money': 200, 'X': 2, 'Y': 4}"
80,9,9,15,1,Y,2,ZIP,0.3,"{'money': 138, 'X': 3, 'Y': 8}",ZIP,0.3,"{'money': 138, 'X': 3, 'Y': 8}"
81,1,8,15,1,Y,2,ZIP,0.3,"{'money': 339, 'X': 0, 'Y': 6}",ZIP,0.1,"{'money': 85, 'X': 1, 'Y': 14}"
81,1,9,15,1,Y,2,ZIP,0.35,"{'money': 324, 'X': 0, 'Y': 7}",ZIP,0.3,"{'money': 153, 'X': 3, 'Y': 7}"
83,5,5,15,1,Y,2,ZIP,0.2,"{'money': 200, 'X': 2, 'Y': 4}",ZIP,0.2,"{'money': 200, 'X': 2, 'Y': 4}"
84,8,5,15,1,Y,2,ZIP,0.1,"{'money': 70, 'X': 1, 'Y': 15}",ZIP,0.2,"{'money': 215, 'X': 2, 'Y': 3}"
84,1,2,15,1,Y,2,ZIP,0.4,"{'money': 309, 'X': 0, 'Y': 8}",ZIP,0.3,"{'money': 122, 'X': 3, 'Y': 7}"
85,7,6,47,1,X,2,ZIP,0.4,"{'money': 183, 'X': 2, 'Y': 8}",ZIP,0.3,"{'money': 149, 'X': 3, 'Y': 6}"
85,1,9,15,1,Y,2,ZIP,0.45,"{'money': 294, 'X': 0, 'Y': 9}",ZIP,0.3,"{'money': 168, 'X': 3, 'Y': 6}"
87,7,8,15,1,Y,2,ZIP,0.42,"{'money': 168, 'X': 2, 'Y': 9}",ZIP,0.1,"{'money': 85, 'X': 1, 'Y': 14}"
91,6,7,47,1,X,2,ZIP,0.3,"{'money': 102, 'X': 4, 'Y': 6}",ZIP,0.45,"{'money': 215, 'X': 1, 'Y': 9}"
92,6,7,47,1,X,2,ZIP,0.3,"{'money': 55, 'X': 5, 'Y': 6}",ZIP,0.45,"{'money': 262, 'X': 0, 'Y': 9}"
93,9,6,47,1,X,2,ZIP,0.3,"{'money': 121, 'X': 4, 'Y': 6}",ZIP,0.3,"{'money': 102, 'X': 4, 'Y': 6}"
96,4,5,15,1,Y,2,ZIP,0.4,"{'money': 294, 'X': 0, 'Y': 8}",ZIP,0.2,"{'money': 230, 'X': 2, 'Y': 2}"
97,9,2,15,1,Y,2,ZIP,0.35,"{'money': 106, 'X': 4, 'Y': 7}",ZIP,0.3,"{'money': 137, 'X': 3, 'Y': 6}"
103,6,8,15,1,Y,2,ZIP,0.35,"{'money': 87, 'X': 4, 'Y': 7}",ZIP,0.1,"{'money': 100, 'X': 1, 'Y': 13}"
105,7,5,15,1,Y,2,ZIP,0.5,"{'money': 247, 'X': 0, 'Y': 10}",ZIP,0.2,"{'money': 245, 'X': 2, 'Y': 1}"
106,4,2,15,1,Y,2,ZIP,0.45,"{'money': 279, 'X': 0, 'Y': 9}",ZIP,0.3,"{'money': 152, 'X': 3, 'Y': 5}"
108,6,8,15,1,Y,2,ZIP,0.4,"{'money': 72, 'X': 4, 'Y': 8}",ZIP,0.1,"{'money': 115, 'X': 1, 'Y': 12}"
111,1,5,15,1,Y,2,ZIP,0.5,"{'money': 279, 'X': 0, 'Y': 10}",ZIP,0.2,"{'money': 260, 'X': 2, 'Y': 0}"
112,8,8,15,1,Y,2,ZIP,0.1,"{'money': 115, 'X': 1, 'Y': 12}",ZIP,0.1,"{'money': 115, 'X': 1, 'Y': 12}"
112,4,2,15,1,Y,2,ZIP,0.5,"{'money': 264, 'X': 0, 'Y': 10}",ZIP,0.3,"{'money': 167, 'X': 3, 'Y': 4}"
116,1,8,15,1,Y,2,ZIP,0.55,"{'money': 264, 'X': 0, 'Y': 11}",ZIP,0.1,"{'money': 130, 'X': 1, 'Y': 11}"
116,7,2,15,1,Y,2,ZIP,0.55,"{'money': 232, 'X': 0, 'Y': 11}",ZIP,0.3,"{'money': 182, 'X': 3, 'Y': 3}"
118,5,2,15,1,Y,2,ZIP,0.2,"{'money': 245, 'X': 2, 'Y': 1}",ZIP,0.3,"{'money': 197, 'X': 3, 'Y': 2}"
119,8,5,15,1,Y,2,ZIP,0.1,"{'money': 115, 'X': 1, 'Y': 12}",ZIP,0.2,"{'money': 260, 'X': 2, 'Y': 0}"
121,1,8,15,1,Y,2,ZIP,0.6,"{'money': 249, 'X': 0, 'Y': 12}",ZIP,0.1,"{'money': 130, 'X': 1, 'Y': 11}"
122,4,8,15,1,Y,2,ZIP,0.55,"{'money': 249, 'X': 0, 'Y': 11}",ZIP,0.1,"{'money': 145, 'X': 1, 'Y': 10}"
123,9,2,15,1,Y,2,ZIP,0.4,"{'money': 91, 'X': 4, 'Y': 8}",ZIP,0.3,"{'money': 212, 'X': 3, 'Y': 1}"
125,9,8,15,1,Y,2,ZIP,0.4,"{'money': 76, 'X': 4, 'Y': 9}",ZIP,0.1,"{'money': 160, 'X': 1, 'Y': 9}"
129,5,9,15,1,Y,2,ZIP,0.2,"{'money': 245, 'X': 2, 'Y': 1}",ZIP,0.4,"{'money': 91, 'X': 4, 'Y': 8}"
130,6,2,15,1,Y,2,ZIP,0.4,"{'money': 57, 'X': 4, 'Y': 9}",ZIP,0.3,"{'money': 227, 'X': 3, 'Y': 0}"
132,6,5,15,1,Y,2,ZIP,0.4,"{'money': 42, 'X': 4, 'Y': 10}",ZIP,0.2,"{'money': 260, 'X': 2, 'Y': 0}"
136,5,8,15,1,Y,2,ZIP,0.2,"{'money': 245, 'X': 2, 'Y': 1}",ZIP,0.1,"{'money': 175, 'X': 1, 'Y': 8}"
137,4,8,15,1,Y,2,ZIP,0.585,"{'money': 234, 'X': 0, 'Y': 12}",ZIP,0.1,"{'money': 190, 'X': 1, 'Y': 7}"
139,6,6,15,1,Y,2,ZIP,0.4,"{'money': 42, 'X': 4, 'Y': 10}",ZIP,0.4,"{'money': 42, 'X': 4, 'Y': 10}"
141,8,6,15,1,Y,2,ZIP,0.1,"{'money': 175, 'X': 1, 'Y': 8}",ZIP,0.4,"{'money': 57, 'X': 4, 'Y': 9}"
145,8,6,15,1,Y,2,ZIP,0.1,"{'money': 160, 'X': 1, 'Y': 9}",ZIP,0.4,"{'money': 72, 'X': 4, 'Y': 8}"
150,8,5,15,1,Y,2,ZIP,0.1,"{'money': 145, 'X': 1, 'Y': 10}",ZIP,0.2,"{'money': 260, 'X': 2, 'Y': 0}"
160,5,8,15,1,Y,2,ZIP,0.2,"{'money': 245, 'X': 2, 'Y': 1}",ZIP,0.1,"{'money': 160, 'X': 1, 'Y': 9}"
163,9,5,15,1,Y,2,ZIP,0.4,"{'money': 76, 'X': 4, 'Y': 9}",ZIP,0.2,"{'money': 260, 'X': 2, 'Y': 0}"
165,5,9,15,1,Y,2,ZIP,0.2,"{'money': 245, 'X': 2, 'Y': 1}",ZIP,0.4,"{'money': 91, 'X': 4, 'Y': 8}"
166,5,8,15,1,Y,2,ZIP,0.2,"{'money': 230, 'X': 2, 'Y': 2}",ZIP,0.1,"{'money': 175, 'X': 1, 'Y': 8}"
168,8,5,15,1,Y,2,ZIP,0.1,"{'money': 160, 'X': 1, 'Y': 9}",ZIP,0.2,"{'money': 245, 'X': 2, 'Y': 1}"
170,5,8,15,1,Y,2,ZIP,0.2,"{'money': 230, 'X': 2, 'Y': 2}",ZIP,0.1,"{'money': 175, 'X': 1, 'Y': 8}"
174,6,8,15,1,Y,2,ZIP,0.4,"{'money': 57, 'X': 4, 'Y': 9}",ZIP,0.1,"{'money': 190, 'X': 1, 'Y': 7}"
177,5,8,15,1,Y,2,ZIP,0.2,"{'money': 215, 'X': 2, 'Y': 3}",ZIP,0.1,"{'money': 205, 'X': 1, 'Y': 6}"
179,9,6,15,1,Y,2,ZIP,0.4,"{'money': 76, 'X': 4, 'Y': 9}",ZIP,0.4,"{'money': 72, 'X': 4, 'Y': 8}"
182,8,8,15,1,Y,2,ZIP,0.1,"{'money': 205, 'X': 1, 'Y': 6}",ZIP,0.1,"{'money': 205, 'X': 1, 'Y': 6}"
184,9,5,15,1,Y,2,ZIP,0.4,"{'money': 61, 'X': 4, 'Y': 10}",ZIP,0.2,"{'money': 230, 'X': 2, 'Y': 2}"
186,5,9,15,1,Y,2,ZIP,0.2,"{'money': 215, 'X': 2, 'Y': 3}",ZIP,0.4,"{'money': 76, 'X': 4, 'Y': 9}"
189,6,5,15,1,Y,2,ZIP,0.4,"{'money': 57, 'X': 4, 'Y': 9}",ZIP,0.2,"{'money': 230, 'X': 2, 'Y': 2}"
191,9,9,15,1,Y,2,ZIP,0.4,"{'money': 76, 'X': 4, 'Y': 9}",ZIP,0.4,"{'money': 76, 'X': 4, 'Y': 9}"
192,8,9,15,1,Y,2,ZIP,0.1,"{'money': 190, 'X': 1, 'Y': 7}",ZIP,0.4,"{'money': 91, 'X': 4, 'Y': 8}"
193,6,6,15,1,Y,2,ZIP,0.4,"{'money': 57, 'X': 4, 'Y': 9}",ZIP,0.4,"{'money': 57, 'X': 4, 'Y': 9}"
194,5,5,15,1,Y,2,ZIP,0.2,"{'money': 230, 'X': 2, 'Y': 2}",ZIP,0.2,"{'money': 230, 'X': 2, 'Y': 2}"
195,9,6,15,1,Y,2,ZIP,0.4,"{'money': 76, 'X': 4, 'Y': 9}",ZIP,0.4,"{'money': 72, 'X': 4, 'Y': 8}"
198,8,9,15,1,Y,2,ZIP,0.1,"{'money': 175, 'X': 1, 'Y': 8}",ZIP,0.4,"{'money': 91, 'X': 4, 'Y': 8}"
198,5,8,15,1,Y,2,ZIP,0.2,"{'money': 215, 'X': 2, 'Y': 3}",ZIP,0.1,"{'money': 190, 'X': 1, 'Y': 7}"
203,9,5,15,1,Y,2,ZIP,0.4,"{'money': 76, 'X': 4, 'Y': 9}",ZIP,0.2,"{'money': 230, 'X': 2, 'Y': 2}"
206,5,8,15,1,Y,2,ZIP,0.2,"{'money': 215, 'X': 2, 'Y': 3}",ZIP,0.1,"{'money': 205, 'X': 1, 'Y': 6}"
211,9,8,15,1,Y,2,ZIP,0.4,"{'money': 61, 'X': 4, 'Y': 10}",ZIP,0.1,"{'money': 220, 'X': 1, 'Y': 5}"
212,9,5,15,1,Y,2,ZIP,0.4,"{'money': 46, 'X': 4, 'Y': 11}",ZIP,0.2,"{'money': 230, 'X': 2, 'Y': 2}"
215,6,8,15,1,Y,2,ZIP,0.4,"{'money': 57, 'X': 4, 'Y': 9}",ZIP,0.1,"{'money': 235, 'X': 1, 'Y': 4}"
216,9,8,15,1,Y,2,ZIP,0.4,"{'money': 31, 'X': 4, 'Y': 12}",ZIP,0.1,"{'money': 250, 'X': 1, 'Y': 3}"
223,8,8,15,1,Y,2,ZIP,0.1,"{'money': 250, 'X': 1, 'Y': 3}",ZIP,0.1,"{'money': 250, 'X': 1, 'Y': 3}"
225,5,9,15,1,Y,2,ZIP,0.2,"{'money': 215, 'X': 2, 'Y': 3}",ZIP,0.4,"{'money': 46, 'X': 4, 'Y': 11}"
229,5,5,15,1,Y,2,ZIP,0.2,"{'money': 215, 'X': 2, 'Y': 3}",ZIP,0.2,"{'money': 215, 'X': 2, 'Y': 3}"
230,9,5,15,1,Y,2,ZIP,0.4,"{'money': 31, 'X': 4, 'Y': 12}",ZIP,0.2,"{'money': 230, 'X': 2, 'Y': 2}"
231,6,9,15,1,Y,2,ZIP,0.4,"{'money': 42, 'X': 4, 'Y': 10}",ZIP,0.4,"{'money': 46, 'X': 4, 'Y': 11}"
233,9,9,15,1,Y,2,ZIP,0.4,"{'money': 46, 'X': 4, 'Y': 11}",ZIP,0.4,"{'money': 46, 'X': 4, 'Y': 11}"
234,8,9,15,1,Y,2,ZIP,0.1,"{'money': 235, 'X': 1, 'Y': 4}",ZIP,0.4,"{'money': 61, 'X': 4, 'Y': 10}"
235,6,8,15,1,Y,2,ZIP,0.4,"{'money': 27, 'X': 4, 'Y': 11}",ZIP,0.1,"{'money': 250, 'X': 1, 'Y': 3}"
236,5,9,15,1,Y,2,ZIP,0.2,"{'money': 215, 'X': 2, 'Y': 3}",ZIP,0.4,"{'money': 76, 'X': 4, 'Y': 9}"
237,6,6,15,1,Y,2,ZIP,0.4,"{'money': 27, 'X': 4, 'Y': 11}",ZIP,0.4,"{'money': 27, 'X': 4, 'Y': 11}"
238,5,9,15,1,Y,2,ZIP,0.2,"{'money': 200, 'X': 2, 'Y': 4}",ZIP,0.4,"{'money': 91, 'X': 4, 'Y': 8}"
239,5,6,15,1,Y,2,ZIP,0.2,"{'money': 185, 'X': 2, 'Y': 5}",ZIP,0.4,"{'money': 42, 'X': 4, 'Y': 10}"
240,5,8,15,1,Y,2,ZIP,0.2,"{'money': 170, 'X': 2, 'Y': 6}",ZIP,0.1,"{'money': 265, 'X': 1, 'Y': 2}"
241,8,6,15,1,Y,2,ZIP,0.1,"{'money': 250, 'X': 1, 'Y': 3}",ZIP,0.4,"{'money': 57, 'X': 4, 'Y': 9}"
242,5,5,15,1,Y,2,ZIP,0.2,"{'money': 170, 'X': 2, 'Y': 6}",ZIP,0.2,"{'money': 170, 'X': 2, 'Y': 6}"
243,8,6,15,1,Y,2,ZIP,0.1,"{'money': 235, 'X': 1, 'Y': 4}",ZIP,0.4,"{'money': 72, 'X': 4, 'Y': 8}"
246,5,5,15,1,Y,2,ZIP,0.2,"{'money': 170, 'X': 2, 'Y': 6}",ZIP,0.2,"{'money': 170, 'X': 2, 'Y': 6}"
246,9,8,15,1,Y,2,ZIP,0.4,"{'money': 76, 'X': 4, 'Y': 9}",ZIP,0.1,"{'money': 250, 'X': 1, 'Y': 3}"
248,9,8,15,1,Y,2,ZIP,0.4,"{'money': 61, 'X': 4, 'Y': 10}",ZIP,0.1,"{'money': 265, 'X': 1, 'Y': 2}"
252,5,9,15,1,Y,2,ZIP,0.2,"{'money': 155, 'X': 2, 'Y': 7}",ZIP,0.4,"{'money': 76, 'X': 4, 'Y': 9}"
256,8,8,15,1,Y,2,ZIP,0.1,"{'money': 265, 'X': 1, 'Y': 2}",ZIP,0.1,"{'money': 265, 'X': 1, 'Y': 2}"
260,8,5,15,1,Y,2,ZIP,0.1,"{'money': 250, 'X': 1, 'Y': 3}",ZIP,0.2,"{'money': 170, 'X': 2, 'Y': 6}"
261,8,9,15,1,Y,2,ZIP,0.1,"{'money': 235, 'X': 1, 'Y': 4}",ZIP,0.4,"{'money': 91, 'X': 4, 'Y': 8}"
263,5,8,15,1,Y,2,ZIP,0.2,"{'money': 155, 'X': 2, 'Y': 7}",ZIP,0.1,"{'money': 250, 'X': 1, 'Y': 3}"
264,9,8,15,1,Y,2,ZIP,0.4,"{'money': 76, 'X': 4, 'Y': 9}",ZIP,0.1,"{'money': 265, 'X': 1, 'Y': 2}"
266,6,9,15,1,Y,2,ZIP,0.4,"{'money': 57, 'X': 4, 'Y': 9}",ZIP,0.4,"{'money': 91, 'X': 4, 'Y': 8}"
267,6,8,15,1,Y,2,ZIP,0.4,"{'money': 42, 'X': 4, 'Y': 10}",ZIP,0.1,"{'money': 280, 'X': 1, 'Y': 1}"
270,6,5,15,1,Y,2,ZIP,0.4,"{'money': 27, 'X': 4, 'Y': 11}",ZIP,0.2,"{'money': 170, 'X': 2, 'Y': 6}"
273,8,6,15,1,Y,2,ZIP,0.1,"{'money': 265, 'X': 1, 'Y': 2}",ZIP,0.4,"{'money': 42, 'X': 4, 'Y': 10}"
277,8,6,15,1,Y,2,ZIP,0.1,"{'money': 250, 'X': 1, 'Y': 3}",ZIP,0.4,"{'money': 57, 'X': 4, 'Y': 9}"
278,8,5,15,1,Y,2,ZIP,0.1,"{'money': 235, 'X': 1, 'Y': 4}",ZIP,0.2,"{'money': 185, 'X': 2, 'Y': 5}"
281,8,6,15,1,Y,2,ZIP,0.1,"{'money': 220, 'X': 1, 'Y': 5}",ZIP,0.4,"{'money': 72, 'X': 4, 'Y': 8}"
284,5,8,15,1,Y,2,ZIP,0.2,"{'money': 170, 'X': 2, 'Y': 6}",ZIP,0.1,"{'money': 235, 'X': 1, 'Y': 4}"
288,8,5,15,1,Y,2,ZIP,0.1,"{'money': 220, 'X': 1, 'Y': 5}",ZIP,0.2,"{'money': 185, 'X': 2, 'Y': 5}"
292,9,8,15,1,Y,2,ZIP,0.4,"{'money': 76, 'X': 4, 'Y': 9}",ZIP,0.1,"{'money': 235, 'X': 1, 'Y': 4}"
296,9,8,15,1,Y,2,ZIP,0.4,"{'money': 61, 'X': 4, 'Y': 10}",ZIP,0.1,"{'money': 250, 'X': 1, 'Y': 3}"
298,5,9,15,1,Y,2,ZIP,0.2,"{'money': 170, 'X': 2, 'Y': 6}",ZIP,0.4,"{'money': 76, 'X': 4, 'Y': 9}"
299,5,8,15,1,Y,2,ZIP,0.2,"{'money': 155, 'X': 2, 'Y': 7}",ZIP,0.1,"{'money': 265, 'X': 1, 'Y': 2}"
300,6,8,15,1,Y,2,ZIP,0.4,"{'money': 57, 'X': 4, 'Y': 9}",ZIP,0.1,"{'money': 280, 'X': 1, 'Y': 1}"
1,18,13,48,1,X,3,GDZ,0.0,"{'money': 352, 'X': 1, 'Y': 0}",GDZ,0.0,"{'money': 48, 'X': 9, 'Y': 0}"
1,15,4,47,1,X,3,GDZ,0.0,"{'money': 353, 'X': 1, 'Y': 0}",ZIP,0.0,"{'money': 47, 'X': 9, 'Y': 0}"
1,12,16,47,1,X,3,GDZ,0.0,"{'money': 353, 'X': 1, 'Y': 0}",GDZ,0.0,"{'money': 47, 'X': 9, 'Y': 0}"
2,18,8,15,1,Y,3,GDZ,0.05,"{'money': 337, 'X': 1, 'Y': 1}",ZIP,0.0,"{'money': 15, 'X': 0, 'Y': 19}"
2,16,14,15,1,Y,3,GDZ,0.05,"{'money': 32, 'X': 9, 'Y': 1}",GDZ,0.0,"{'money': 15, 'X': 0, 'Y': 19}"
2,12,11,15,1,Y,3,GDZ,0.05,"{'money': 338, 'X': 1, 'Y': 1}",GDZ,0.0,"{'money': 15, 'X': 0, 'Y': 19}"
3,12,5,15,1,Y,3,GDZ,0.1,"{'money': 323, 'X': 1, 'Y': 2}",ZIP,0.0,"{'money': 15, 'X': 0, 'Y': 19}"
3,3,16,43,1,X,3,ZIP,0.0,"{'money': 357, 'X': 1, 'Y': 0}",GDZ,0.05,"{'money': 75, 'X': 8, 'Y': 1}"
3,13,11,26,1,Y,3,GDZ,0.05,"{'money': 22, 'X': 9, 'Y': 1}",GDZ,0.0,"{'money': 41, 'X': 0, 'Y': 18}"
3,4,7,46,1,X,3,ZIP,0.0,"{'money': 1, 'X': 10, 'Y': 0}",ZIP,0.0,"{'money': 46, 'X': 9, 'Y': 0}"
4,15,8,17,1,Y,3,GDZ,0.05,"{'money': 336, 'X': 1, 'Y': 1}",ZIP,0.0,"{'money': 32, 'X': 0, 'Y': 18}"
4,12,1,45,1,X,3,GDZ,0.1,"{'money': 278, 'X': 2, 'Y': 2}",ZIP,0.0,"{'money': 45, 'X': 9, 'Y': 0}"
4,15,17,16,1,Y,3,GDZ,0.1,"{'money': 320, 'X': 1, 'Y': 2}",GDZ,0.0,"{'money': 16, 'X': 0, 'Y': 19}"
4,18,11,17,1,Y,3,GDZ,0.1,"{'money': 320, 'X': 1, 'Y': 2}",GDZ,0.0,"{'money': 58, 'X': 0, 'Y': 17}"
5,6,10,45,1,X,3,ZIP,0.0,"{'money': 355, 'X': 1, 'Y': 0}",GDZ,0.0,"{'money': 45, 'X': 9, 'Y': 0}"
5,7,17,17,1,Y,3,ZIP,0.05,"{'money': 29, 'X': 9, 'Y': 1}",GDZ,0.0,"{'money': 33, 'X': 0, 'Y': 18}"
5,11,13,46,1,X,3,GDZ,0.03,"{'money': 12, 'X': 1, 'Y': 17}",GDZ,0.05,"{'money': 68, 'X': 8, 'Y': 1}"
5,1,14,18,1,Y,3,ZIP,0.05,"{'money': 27, 'X': 9, 'Y': 1}",GDZ,0.0,"{'money': 33, 'X': 0, 'Y': 18}"
6,10,14,18,1,Y,3,GDZ,0.05,"{'money': 27, 'X': 9, 'Y': 1}",GDZ,0.0,"{'money': 51, 'X': 0, 'Y': 17}"
6,14,7,47,1,X,3,GDZ,0.01,"{'money': 4, 'X': 1, 'Y': 17}",ZIP,0.05,"{'money': 76, 'X': 8, 'Y': 1}"
6,13,8,18,1,Y,3,GDZ,0.1,"{'money': 50, 'X': 8, 'Y': 2}",ZIP,0.0,"{'money': 50, 'X': 0, 'Y': 17}"
6,18,1,46,1,X,3,GDZ,0.1,"{'money': 274, 'X': 2, 'Y': 2}",ZIP,0.05,"{'money': 73, 'X': 8, 'Y': 1}"
6,16,17,16,1,Y,3,GDZ,0.1,"{'money': 59, 'X': 8, 'Y': 2}",GDZ,0.0,"{'money': 49, 'X': 0, 'Y': 17}"
7,18,11,17,1,Y,3,GDZ,0.15,"{'money': 257, 'X': 2, 'Y': 3}",GDZ,0.0725,"{'money': 29, 'X': 1, 'Y': 16}"
7,12,11,17,1,Y,3,GDZ,0.15,"{'money': 261, 'X': 2, 'Y': 3}",GDZ,0.1,"{'money': 46, 'X': 1, 'Y': 15}"
7,12,17,16,1,Y,3,GDZ,0.2,"{'money': 245, 'X': 2, 'Y': 4}",GDZ,0.0,"{'money': 65, 'X': 0, 'Y': 16}"
7,15,10,48,1,X,3,GDZ,0.1,"{'money': 272, 'X': 2, 'Y': 2}",GDZ,0.05,"{'money': 75, 'X': 8, 'Y': 1}"
7,8,14,17,1,Y,3,ZIP,0.0,"{'money': 33, 'X': 0, 'Y': 18}",GDZ,0.0525,"{'money': 21, 'X': 1, 'Y': 16}"
8,9,13,45,1,X,3,ZIP,0.0,"{'money': 355, 'X': 1, 'Y': 0}",GDZ,0.1,"{'money': 95, 'X': 7, 'Y': 2}"
8,15,11,19,1,Y,3,GDZ,0.15,"{'money': 253, 'X': 2, 'Y': 3}",GDZ,0.1,"{'money': 65, 'X': 1, 'Y': 14}"
8,12,7,46,1,X,3,GDZ,0.2,"{'money': 199, 'X': 3, 'Y': 4}",ZIP,0.05,"{'money': 122, 'X': 7, 'Y': 1}"
8,13,8,17,1,Y,3,GDZ,0.15,"{'money': 78, 'X': 7, 'Y': 3}",ZIP,0.0,"{'money': 50, 'X': 0, 'Y': 17}"
9,10,14,17,1,Y,3,GDZ,0.1,"{'money': 58, 'X': 8, 'Y': 2}",GDZ,0.095,"{'money': 38, 'X': 1, 'Y': 15}"
9,18,11,17,1,Y,3,GDZ,0.2,"{'money': 240, 'X': 2, 'Y': 4}",GDZ,0.1,"{'money': 82, 'X': 1, 'Y': 13}"
9,12,14,18,1,Y,3,GDZ,0.25,"{'money': 181, 'X': 3, 'Y': 5}",GDZ,0.1,"{'money': 56, 'X': 1, 'Y': 14}"
9,17,9,46,1,X,3,GDZ,0.0475,"{'money': 19, 'X': 1, 'Y': 16}",ZIP,0.0,"{'money': 401, 'X': 0, 'Y': 0}"
10,16,2,18,1,Y,3,GDZ,0.1025,"{'money': 41, 'X': 8, 'Y': 3}",ZIP,0.0,"{'money': 18, 'X': 0, 'Y': 19}"
10,18,13,46,1,X,3,GDZ,0.2,"{'money': 194, 'X': 3, 'Y': 4}",GDZ,0.15,"{'money': 124, 'X': 6, 'Y': 3}"
10,13,14,17,1,Y,3,GDZ,0.2,"{'money': 107, 'X': 6, 'Y': 4}",GDZ,0.1,"{'money': 73, 'X': 1, 'Y': 13}"
10,8,10,46,1,X,3,ZIP,0.01,"{'money': 4, 'X': 1, 'Y': 17}",GDZ,0.1,"{'money': 104, 'X': 7, 'Y': 2}"
10,15,11,17,1,Y,3,GDZ,0.2,"{'money': 236, 'X': 2, 'Y': 4}",GDZ,0.1,"{'money': 99, 'X': 1, 'Y': 12}"
11,11,16,47,1,X,3,GDZ,0.13,"{'money': 52, 'X': 2, 'Y': 12}",GDZ,0.15,"{'money': 88, 'X': 7, 'Y': 3}"
11,16,5,18,1,Y,3,GDZ,0.175,"{'money': 70, 'X': 7, 'Y': 4}",ZIP,0.0,"{'money': 33, 'X': 0, 'Y': 18}"
11,10,5,18,1,Y,3,GDZ,0.15,"{'money': 86, 'X': 7, 'Y': 3}",ZIP,0.0,"{'money': 51, 'X': 0, 'Y': 17}"
11,12,14,18,1,Y,3,GDZ,0.3,"{'money': 163, 'X': 3, 'Y': 6}",GDZ,0.1,"{'money': 91, 'X': 1, 'Y': 12}"
11,15,4,47,1,X,3,GDZ,0.2,"{'money': 189, 'X': 3, 'Y': 4}",ZIP,0.0,"{'money': 48, 'X': 9, 'Y': 0}"
12,12,4,47,1,X,3,GDZ,0.3,"{'money': 116, 'X': 4, 'Y': 6}",ZIP,0.0,"{'money': 95, 'X': 8, 'Y': 0}"
12,13,5,20,1,Y,3,GDZ,0.2175,"{'money': 87, 'X': 6, 'Y': 5}",ZIP,0.0,"{'money': 71, 'X': 0, 'Y': 16}"
12,18,17,18,1,Y,3,GDZ,0.25,"{'money': 176, 'X': 3, 'Y': 5}",GDZ,0.0925,"{'money': 37, 'X': 1, 'Y': 15}"
12,14,16,47,1,X,3,GDZ,0.11,"{'money': 44, 'X': 2, 'Y': 12}",GDZ,0.2,"{'money': 117, 'X': 6, 'Y': 4}"
13,16,11,19,1,Y,3,GDZ,0.245,"{'money': 98, 'X': 6, 'Y': 5}",GDZ,0.1775,"{'money': 71, 'X': 2, 'Y': 11}"
13,12,14,19,1,Y,3,GDZ,0.35,"{'money': 97, 'X': 4, 'Y': 7}",GDZ,0.1575,"{'money': 63, 'X': 2, 'Y': 11}"
13,15,17,20,1,Y,3,GDZ,0.25,"{'money': 169, 'X': 3, 'Y': 5}",GDZ,0.1,"{'money': 57, 'X': 1, 'Y': 14}"
13,10,11,18,1,Y,3,GDZ,0.17,"{'money': 68, 'X': 7, 'Y': 4}",GDZ,0.2,"{'money': 89, 'X': 2, 'Y': 10}"
14,9,10,47,1,X,3,ZIP,0.0,"{'money': 354, 'X': 1, 'Y': 0}",GDZ,0.2,"{'money': 115, 'X': 6, 'Y': 4}"
14,18,14,20,1,Y,3,GDZ,0.3,"{'money': 156, 'X': 3, 'Y': 6}",GDZ,0.2,"{'money': 83, 'X': 2, 'Y': 10}"
14,15,17,20,1,Y,3,GDZ,0.3,"{'money': 149, 'X': 3, 'Y': 6}",GDZ,0.1,"{'money': 77, 'X': 1, 'Y': 13}"
14,12,11,18,1,Y,3,GDZ,0.4,"{'money': 79, 'X': 4, 'Y': 8}",GDZ,0.2,"{'money': 107, 'X': 2, 'Y': 9}"
14,3,2,19,1,Y,3,ZIP,0.05,"{'money': 338, 'X': 1, 'Y': 1}",ZIP,0.0,"{'money': 37, 'X': 0, 'Y': 18}"
15,12,16,45,1,X,3,GDZ,0.4,"{'money': 34, 'X': 5, 'Y': 8}",GDZ,0.25,"{'money': 143, 'X': 5, 'Y': 5}"
15,6,14,19,1,Y,3,ZIP,0.05,"{'money': 336, 'X': 1, 'Y': 1}",GDZ,0.2,"{'money': 102, 'X': 2, 'Y': 9}"
15,15,13,47,1,X,3,GDZ,0.3,"{'money': 102, 'X': 4, 'Y': 6}",GDZ,0.25,"{'money': 134, 'X': 5, 'Y': 5}"
15,16,17,18,1,Y,3,GDZ,0.3,"{'money': 125, 'X': 5, 'Y': 6}",GDZ,0.1,"{'money': 95, 'X': 1, 'Y': 12}"
15,18,4,47,1,X,3,GDZ,0.3,"{'money': 109, 'X': 4, 'Y': 6}",ZIP,0.0,"{'money': 142, 'X': 7, 'Y': 0}"
16,10,11,19,1,Y,3,GDZ,0.24,"{'money': 96, 'X': 6, 'Y': 5}",GDZ,0.2,"{'money': 126, 'X': 2, 'Y': 8}"
16,3,16,46,1,X,3,ZIP,0.05,"{'money': 292, 'X': 2, 'Y': 1}",GDZ,0.3,"{'money': 171, 'X': 4, 'Y': 6}"
16,9,14,19,1,Y,3,ZIP,0.05,"{'money': 335, 'X': 1, 'Y': 1}",GDZ,0.2,"{'money': 121, 'X': 2, 'Y': 8}"
16,18,2,19,1,Y,3,GDZ,0.35,"{'money': 90, 'X': 4, 'Y': 7}",ZIP,0.0,"{'money': 56, 'X': 0, 'Y': 17}"
16,10,11,18,1,Y,3,GDZ,0.195,"{'money': 78, 'X': 6, 'Y': 6}",GDZ,0.2,"{'money': 144, 'X': 2, 'Y': 7}"
16,7,1,47,1,X,3,ZIP,0.05,"{'money': 75, 'X': 8, 'Y': 1}",ZIP,0.05,"{'money': 120, 'X': 7, 'Y': 1}"
16,15,5,19,1,Y,3,GDZ,0.35,"{'money': 83, 'X': 4, 'Y': 7}",ZIP,0.0,"{'money': 90, 'X': 0, 'Y': 15}"
17,4,10,47,1,X,3,ZIP,0.0,"{'money': 95, 'X': 8, 'Y': 0}",GDZ,0.3,"{'money': 125, 'X': 5, 'Y': 6}"
17,12,2,23,1,Y,3,GDZ,0.45,"{'money': 11, 'X': 5, 'Y': 9}",ZIP,0.0,"{'money': 79, 'X': 0, 'Y': 16}"
17,5,14,20,1,Y,3,ZIP,0.0,"{'money': 70, 'X': 0, 'Y': 16}",GDZ,0.2,"{'money': 141, 'X': 2, 'Y': 7}"
18,17,1,48,1,X,3,GDZ,0.1175,"{'money': 47, 'X': 2, 'Y': 12}",ZIP,0.05,"{'money': 168, 'X': 6, 'Y': 1}"
18,14,10,47,1,X,3,GDZ,0.235,"{'money': 94, 'X': 3, 'Y': 7}",GDZ,0.3,"{'money': 172, 'X': 4, 'Y': 6}"
19,16,2,24,1,Y,3,GDZ,0.35,"{'money': 147, 'X': 4, 'Y': 7}",ZIP,0.0,"{'money': 103, 'X': 0, 'Y': 15}"
19,15,8,22,1,Y,3,GDZ,0.4,"{'money': 61, 'X': 4, 'Y': 8}",ZIP,0.065,"{'money': 26, 'X': 1, 'Y': 16}"
19,10,17,21,1,Y,3,GDZ,0.35,"{'money': 151, 'X': 4, 'Y': 7}",GDZ,0.17,"{'money': 68, 'X': 2, 'Y': 11}"
19,11,16,48,1,X,3,GDZ,0.24,"{'money': 96, 'X': 3, 'Y': 7}",GDZ,0.35,"{'money': 195, 'X': 3, 'Y': 7}"
20,5,14,21,1,Y,3,ZIP,0.0,"{'money': 49, 'X': 0, 'Y': 17}",GDZ,0.2875,"{'money': 115, 'X': 3, 'Y': 6}"
20,3,4,47,1,X,3,ZIP,0.05,"{'money': 245, 'X': 3, 'Y': 1}",ZIP,0.0,"{'money': 142, 'X': 7, 'Y': 0}"
20,18,11,20,1,Y,3,GDZ,0.4,"{'money': 70, 'X': 4, 'Y': 8}",GDZ,0.29,"{'money': 116, 'X': 3, 'Y': 6}"
20,6,10,47,1,X,3,ZIP,0.05,"{'money': 289, 'X': 2, 'Y': 1}",GDZ,0.35,"{'money': 198, 'X': 3, 'Y': 7}"
20,9,14,21,1,Y,3,ZIP,0.1,"{'money': 314, 'X': 1, 'Y': 2}",GDZ,0.3,"{'money': 136, 'X': 3, 'Y': 5}"
21,15,1,48,1,X,3,GDZ,0.4,"{'money': 13, 'X': 5, 'Y': 8}",ZIP,0.05,"{'money': 216, 'X': 5, 'Y': 1}"
21,16,11,20,1,Y,3,GDZ,0.4,"{'money': 175, 'X': 3, 'Y': 8}",GDZ,0.3,"{'money': 136, 'X': 3, 'Y': 5}"
21,18,16,48,1,X,3,GDZ,0.4,"{'money': 22, 'X': 5, 'Y': 8}",GDZ,0.4,"{'money': 223, 'X': 2, 'Y': 8}"
21,10,14,19,1,Y,3,GDZ,0.4,"{'money': 179, 'X': 3, 'Y': 8}",GDZ,0.3,"{'money': 155, 'X': 3, 'Y': 4}"
22,13,11,19,1,Y,3,GDZ,0.2875,"{'money': 115, 'X': 5, 'Y': 6}",GDZ,0.3,"{'money': 155, 'X': 3, 'Y': 4}"
22,18,14,19,1,Y,3,GDZ,0.45,"{'money': 3, 'X': 5, 'Y': 9}",GDZ,0.3,"{'money': 174, 'X': 3, 'Y': 3}"
22,9,15,48,1,X,3,ZIP,0.1,"{'money': 266, 'X': 2, 'Y': 2}",GDZ,0.4,"{'money': 61, 'X': 4, 'Y': 8}"
22,7,17,19,1,Y,3,ZIP,0.1,"{'money': 56, 'X': 8, 'Y': 2}",GDZ,0.2,"{'money': 87, 'X': 2, 'Y': 10}"
23,3,10,46,1,X,3,ZIP,0.05,"{'money': 199, 'X': 4, 'Y': 1}",GDZ,0.4,"{'money': 225, 'X': 2, 'Y': 8}"
23,16,17,23,1,Y,3,GDZ,0.45,"{'money': 200, 'X': 2, 'Y': 9}",GDZ,0.2,"{'money': 110, 'X': 2, 'Y': 9}"
23,15,7,48,1,X,3,GDZ,0.4,"{'money': 13, 'X': 5, 'Y': 8}",ZIP,0.1,"{'money': 104, 'X': 7, 'Y': 2}"
24,4,11,19,1,Y,3,ZIP,0.05,"{'money': 123, 'X': 7, 'Y': 1}",GDZ,0.3,"{'money': 174, 'X': 3, 'Y': 3}"
24,14,15,47,1,X,3,GDZ,0.3175,"{'money': 127, 'X': 4, 'Y': 3}",GDZ,0.4,"{'money': 60, 'X': 4, 'Y': 8}"
24,1,2,20,1,Y,3,ZIP,0.1,"{'money': 196, 'X': 5, 'Y': 2}",ZIP,0.0,"{'money': 123, 'X': 0, 'Y': 14}"
24,10,17,21,1,Y,3,GDZ,0.45,"{'money': 204, 'X': 2, 'Y': 9}",GDZ,0.2,"{'money': 131, 'X': 2, 'Y': 8}"
24,11,16,46,1,X,3,GDZ,0.32,"{'money': 128, 'X': 4, 'Y': 3}",GDZ,0.45,"{'money': 246, 'X': 1, 'Y': 9}"
25,16,14,21,1,Y,3,GDZ,0.5,"{'money': 225, 'X': 1, 'Y': 10}",GDZ,0.37,"{'money': 148, 'X': 4, 'Y': 2}"
25,1,11,21,1,Y,3,ZIP,0.15,"{'money': 175, 'X': 5, 'Y': 3}",GDZ,0.3725,"{'money': 149, 'X': 4, 'Y': 2}"
25,10,14,22,1,Y,3,GDZ,0.455,"{'money': 182, 'X': 2, 'Y': 10}",GDZ,0.4,"{'money': 170, 'X': 4, 'Y': 1}"
25,17,13,46,1,X,3,GDZ,0.2125,"{'money': 85, 'X': 3, 'Y': 8}",GDZ,0.3,"{'money': 161, 'X': 4, 'Y': 6}"
25,6,2,21,1,Y,3,ZIP,0.1,"{'money': 268, 'X': 2, 'Y': 2}",ZIP,0.0,"{'money': 144, 'X': 0, 'Y': 13}"
26,15,13,47,1,X,3,GDZ,0.4,"{'money': 13, 'X': 5, 'Y': 8}",GDZ,0.3,"{'money': 208, 'X': 3, 'Y': 6}"
26,6,2,21,1,Y,3,ZIP,0.15,"{'money': 247, 'X': 2, 'Y': 3}",ZIP,0.0,"{'money': 165, 'X': 0, 'Y': 12}"
26,16,14,21,1,Y,3,GDZ,0.51,"{'money': 204, 'X': 1, 'Y': 11}",GDZ,0.4,"{'money': 191, 'X': 4, 'Y': 0}"
26,4,10,47,1,X,3,ZIP,0.05,"{'money': 76, 'X': 8, 'Y': 1}",GDZ,0.5,"{'money': 229, 'X': 1, 'Y': 10}"
27,14,17,21,1,Y,3,GDZ,0.4,"{'money': 170, 'X': 4, 'Y': 1}",GDZ,0.265,"{'money': 106, 'X': 3, 'Y': 7}"
27,7,16,47,1,X,3,ZIP,0.1,"{'money': 57, 'X': 8, 'Y': 2}",GDZ,0.55,"{'money': 251, 'X': 0, 'Y': 11}"
27,10,8,22,1,Y,3,GDZ,0.5175,"{'money': 207, 'X': 1, 'Y': 11}",ZIP,0.1,"{'money': 48, 'X': 1, 'Y': 15}"
27,13,11,22,1,Y,3,GDZ,0.35,"{'money': 186, 'X': 3, 'Y': 7}",GDZ,0.4,"{'money': 171, 'X': 4, 'Y': 1}"
28,6,15,47,1,X,3,ZIP,0.15,"{'money': 200, 'X': 3, 'Y': 3}",GDZ,0.4,"{'money': 60, 'X': 4, 'Y': 8}"
28,4,14,21,1,Y,3,ZIP,0.1,"{'money': 55, 'X': 8, 'Y': 2}",GDZ,0.4,"{'money': 191, 'X': 4, 'Y': 0}"
28,2,10,47,1,X,3,ZIP,0.1,"{'money': 118, 'X': 1, 'Y': 12}",GDZ,0.55,"{'money': 254, 'X': 0, 'Y': 11}"
28,16,17,22,1,Y,3,GDZ,0.5725,"{'money': 229, 'X': 0, 'Y': 12}",GDZ,0.3,"{'money': 128, 'X': 3, 'Y': 6}"
29,3,4,47,1,X,3,ZIP,0.05,"{'money': 152, 'X': 5, 'Y': 1}",ZIP,0.1,"{'money': 102, 'X': 7, 'Y': 2}"
29,13,17,21,1,Y,3,GDZ,0.4,"{'money': 165, 'X': 3, 'Y': 8}",GDZ,0.3,"{'money': 149, 'X': 3, 'Y': 5}"
29,14,11,21,1,Y,3,GDZ,0.4,"{'money': 170, 'X': 4, 'Y': 1}",GDZ,0.4,"{'money': 192, 'X': 4, 'Y': 0}"
29,15,13,48,1,X,3,GDZ,0.4,"{'money': 12, 'X': 5, 'Y': 8}",GDZ,0.4,"{'money': 213, 'X': 2, 'Y': 8}"
29,10,2,22,1,Y,3,GDZ,0.58,"{'money': 232, 'X': 0, 'Y': 12}",ZIP,0.1,"{'money': 140, 'X': 1, 'Y': 11}"
30,5,2,21,1,Y,3,ZIP,0.0,"{'money': 28, 'X': 0, 'Y': 18}",ZIP,0.1,"{'money': 161, 'X': 1, 'Y': 10}"
30,9,14,21,1,Y,3,ZIP,0.15,"{'money': 245, 'X': 2, 'Y': 3}",GDZ,0.4,"{'money': 191, 'X': 4, 'Y': 0}"
30,6,4,47,1,X,3,ZIP,0.15,"{'money': 153, 'X': 4, 'Y': 3}",ZIP,0.1,"{'money': 149, 'X': 6, 'Y': 2}"
30,11,17,22,1,Y,3,GDZ,0.4,"{'money': 170, 'X': 4, 'Y': 1}",GDZ,0.3,"{'money': 171, 'X': 3, 'Y': 4}"
31,2,15,47,1,X,3,ZIP,0.2,"{'money': 114, 'X': 2, 'Y': 10}",GDZ,0.4,"{'money': 59, 'X': 4, 'Y': 8}"
31,9,4,47,1,X,3,ZIP,0.15,"{'money': 198, 'X': 3, 'Y': 3}",ZIP,0.1,"{'money': 196, 'X': 5, 'Y': 2}"
31,3,11,22,1,Y,3,ZIP,0.1,"{'money': 130, 'X': 5, 'Y': 2}",GDZ,0.4,"{'money': 192, 'X': 4, 'Y': 0}"
31,17,6,48,1,X,3,GDZ,0.3075,"{'money': 123, 'X': 4, 'Y': 4}",ZIP,0.15,"{'money': 201, 'X': 3, 'Y': 3}"
32,11,5,23,1,Y,3,GDZ,0.4,"{'money': 169, 'X': 4, 'Y': 1}",ZIP,0.0,"{'money': 51, 'X': 0, 'Y': 17}"
32,14,17,22,1,Y,3,GDZ,0.4,"{'money': 169, 'X': 4, 'Y': 1}",GDZ,0.3625,"{'money': 145, 'X': 4, 'Y': 3}"
32,4,6,48,1,X,3,ZIP,0.1,"{'money': 148, 'X': 6, 'Y': 2}",ZIP,0.15,"{'money': 249, 'X': 2, 'Y': 3}"
32,9,2,22,1,Y,3,ZIP,0.2,"{'money': 176, 'X': 3, 'Y': 4}",ZIP,0.2,"{'money': 136, 'X': 2, 'Y': 9}"
33,13,11,21,1,Y,3,GDZ,0.45,"{'money': 192, 'X': 2, 'Y': 9}",GDZ,0.4,"{'money': 190, 'X': 4, 'Y': 0}"
33,3,14,22,1,Y,3,ZIP,0.15,"{'money': 108, 'X': 5, 'Y': 3}",GDZ,0.4,"{'money': 191, 'X': 4, 'Y': 0}"
33,15,9,48,1,X,3,GDZ,0.4,"{'money': 11, 'X': 5, 'Y': 8}",ZIP,0.2,"{'money': 224, 'X': 2, 'Y': 4}"
34,14,17,23,1,Y,3,GDZ,0.4,"{'money': 168, 'X': 4, 'Y': 1}",GDZ,0.4,"{'money': 168, 'X': 4, 'Y': 2}"
34,11,17,23,1,Y,3,GDZ,0.4,"{'money': 167, 'X': 4, 'Y': 1}",GDZ,0.4,"{'money': 191, 'X': 4, 'Y': 1}"
34,5,15,46,1,X,3,ZIP,0.0125,"{'money': 5, 'X': 1, 'Y': 17}",GDZ,0.4,"{'money': 57, 'X': 4, 'Y': 8}"
35,2,13,48,1,X,3,ZIP,0.22,"{'money': 88, 'X': 3, 'Y': 9}",GDZ,0.45,"{'money': 240, 'X': 1, 'Y': 9}"
35,4,14,22,1,Y,3,ZIP,0.15,"{'money': 126, 'X': 6, 'Y': 3}",GDZ,0.4,"{'money': 190, 'X': 4, 'Y': 0}"
36,13,11,20,1,Y,3,GDZ,0.5,"{'money': 220, 'X': 1, 'Y': 10}",GDZ,0.4,"{'money': 187, 'X': 4, 'Y': 0}"
37,11,2,22,1,Y,3,GDZ,0.4,"{'money': 165, 'X': 4, 'Y': 1}",ZIP,0.275,"{'money': 110, 'X': 3, 'Y': 8}"
37,15,13,49,1,X,3,GDZ,0.4,"{'money': 8, 'X': 5, 'Y': 8}",GDZ,0.5,"{'money': 269, 'X': 0, 'Y': 10}"
37,14,17,22,1,Y,3,GDZ,0.4,"{'money': 168, 'X': 4, 'Y': 1}",GDZ,0.4,"{'money': 213, 'X': 4, 'Y': 0}"
38,6,11,22,1,Y,3,ZIP,0.2,"{'money': 227, 'X': 2, 'Y': 4}",GDZ,0.4,"{'money': 187, 'X': 4, 'Y': 0}"
38,4,7,47,1,X,3,ZIP,0.15,"{'money': 79, 'X': 7, 'Y': 3}",ZIP,0.1,"{'money': 104, 'X': 7, 'Y': 2}"
38,3,15,48,1,X,3,ZIP,0.15,"{'money': 60, 'X': 6, 'Y': 3}",GDZ,0.4,"{'money': 56, 'X': 4, 'Y': 8}"
38,13,14,22,1,Y,3,GDZ,0.55,"{'money': 247, 'X': 0, 'Y': 11}",GDZ,0.4,"{'money': 190, 'X': 4, 'Y': 0}"
39,3,2,22,1,Y,3,ZIP,0.2,"{'money': 38, 'X': 6, 'Y': 4}",ZIP,0.3,"{'money': 132, 'X': 3, 'Y': 7}"
39,14,5,22,1,Y,3,GDZ,0.4,"{'money': 168, 'X': 4, 'Y': 1}",ZIP,0.0675,"{'money': 27, 'X': 1, 'Y': 16}"
40,11,2,23,1,Y,3,GDZ,0.4,"{'money': 164, 'X': 4, 'Y': 1}",ZIP,0.3,"{'money': 155, 'X': 3, 'Y': 6}"
40,17,4,50,1,X,3,GDZ,0.4075,"{'money': 163, 'X': 5, 'Y': 0}",ZIP,0.15,"{'money': 129, 'X': 6, 'Y': 3}"
40,13,11,21,1,Y,3,GDZ,0.565,"{'money': 226, 'X': 0, 'Y': 12}",GDZ,0.4,"{'money': 185, 'X': 4, 'Y': 0}"
41,15,7,49,1,X,3,GDZ,0.4,"{'money': 7, 'X': 5, 'Y': 8}",ZIP,0.1,"{'money': 153, 'X': 6, 'Y': 2}"
41,11,14,23,1,Y,3,GDZ,0.4,"{'money': 162, 'X': 4, 'Y': 1}",GDZ,0.4,"{'money': 191, 'X': 4, 'Y': 0}"
42,14,11,24,1,Y,3,GDZ,0.4,"{'money': 167, 'X': 4, 'Y': 1}",GDZ,0.4,"{'money': 186, 'X': 4, 'Y': 0}"
43,6,15,48,1,X,3,ZIP,0.2,"{'money': 179, 'X': 3, 'Y': 4}",GDZ,0.4,"{'money': 55, 'X': 4, 'Y': 8}"
43,9,5,23,1,Y,3,ZIP,0.2,"{'money': 201, 'X': 2, 'Y': 5}",ZIP,0.1,"{'money': 50, 'X': 1, 'Y': 15}"
43,7,4,48,1,X,3,ZIP,0.1,"{'money': 105, 'X': 7, 'Y': 2}",ZIP,0.15,"{'money': 177, 'X': 5, 'Y': 3}"
44,6,14,22,1,Y,3,ZIP,0.25,"{'money': 157, 'X': 3, 'Y': 5}",GDZ,0.4,"{'money': 189, 'X': 4, 'Y': 0}"
44,11,2,22,1,Y,3,GDZ,0.4,"{'money': 164, 'X': 4, 'Y': 1}",ZIP,0.3,"{'money': 177, 'X': 3, 'Y': 5}"
45,14,9,24,1,Y,3,GDZ,0.4,"{'money': 165, 'X': 4, 'Y': 1}",ZIP,0.2,"{'money': 225, 'X': 2, 'Y': 4}"
45,2,7,48,1,X,3,ZIP,0.3225,"{'money': 129, 'X': 4, 'Y': 5}",ZIP,0.1,"{'money': 153, 'X': 6, 'Y': 2}"
46,9,14,21,1,Y,3,ZIP,0.2,"{'money': 204, 'X': 2, 'Y': 5}",GDZ,0.4,"{'money': 186, 'X': 4, 'Y': 0}"
46,15,7,48,1,X,3,GDZ,0.4,"{'money': 7, 'X': 5, 'Y': 8}",ZIP,0.1,"{'money': 201, 'X': 5, 'Y': 2}"
46,3,11,22,1,Y,3,ZIP,0.25,"{'money': 16, 'X': 6, 'Y': 5}",GDZ,0.4,"{'money': 186, 'X': 4, 'Y': 0}"
47,11,2,23,1,Y,3,GDZ,0.4,"{'money': 163, 'X': 4, 'Y': 1}",ZIP,0.38,"{'money': 152, 'X': 4, 'Y': 4}"
47,9,5,22,1,Y,3,ZIP,0.2,"{'money': 182, 'X': 2, 'Y': 6}",ZIP,0.1,"{'money': 72, 'X': 1, 'Y': 14}"
48,9,15,46,1,X,3,ZIP,0.3,"{'money': 136, 'X': 3, 'Y': 6}",GDZ,0.4,"{'money': 53, 'X': 4, 'Y': 8}"
48,14,11,23,1,Y,3,GDZ,0.4,"{'money': 163, 'X': 4, 'Y': 1}",GDZ,0.4,"{'money': 186, 'X': 4, 'Y': 0}"
49,11,8,23,1,Y,3,GDZ,0.4,"{'money': 163, 'X': 4, 'Y': 1}",ZIP,0.1,"{'money': 71, 'X': 1, 'Y': 14}"
49,6,14,22,1,Y,3,ZIP,0.3,"{'money': 135, 'X': 3, 'Y': 6}",GDZ,0.4,"{'money': 185, 'X': 4, 'Y': 0}"
49,15,1,47,1,X,3,GDZ,0.4,"{'money': 6, 'X': 5, 'Y': 8}",ZIP,0.15,"{'money': 222, 'X': 4, 'Y': 3}"
51,14,11,22,1,Y,3,GDZ,0.4,"{'money': 163, 'X': 4, 'Y': 1}",GDZ,0.4,"{'money': 185, 'X': 4, 'Y': 0}"
51,7,15,47,1,X,3,ZIP,0.1,"{'money': 154, 'X': 6, 'Y': 2}",GDZ,0.4,"{'money': 53, 'X': 4, 'Y': 8}"
51,11,2,22,1,Y,3,GDZ,0.4,"{'money': 163, 'X': 4, 'Y': 1}",ZIP,0.4,"{'money': 174, 'X': 4, 'Y': 3}"
52,4,15,48,1,X,3,ZIP,0.15,"{'money': 129, 'X': 6, 'Y': 3}",GDZ,0.3,"{'money': 101, 'X': 3, 'Y': 8}"
52,1,11,22,1,Y,3,ZIP,0.2,"{'money': 200, 'X': 4, 'Y': 4}",GDZ,0.4,"{'money': 185, 'X': 4, 'Y': 0}"
52,9,14,22,1,Y,3,ZIP,0.3,"{'money': 114, 'X': 3, 'Y': 7}",GDZ,0.4,"{'money': 185, 'X': 4, 'Y': 0}"
52,15,7,48,1,X,3,GDZ,0.4,"{'money': 53, 'X': 4, 'Y': 8}",ZIP,0.1,"{'money': 202, 'X': 5, 'Y': 2}"
53,14,5,23,1,Y,3,GDZ,0.4,"{'money': 162, 'X': 4, 'Y': 1}",ZIP,0.1,"{'money': 95, 'X': 1, 'Y': 13}"
53,7,9,23,1,Y,3,ZIP,0.15,"{'money': 179, 'X': 5, 'Y': 3}",ZIP,0.3,"{'money': 137, 'X': 3, 'Y': 6}"
54,11,2,23,1,Y,3,GDZ,0.4,"{'money': 162, 'X': 4, 'Y': 1}",ZIP,0.4,"{'money': 197, 'X': 4, 'Y': 2}"
55,15,1,49,1,X,3,GDZ,0.4,"{'money': 4, 'X': 5, 'Y': 8}",ZIP,0.2,"{'money': 249, 'X': 3, 'Y': 4}"
55,9,14,22,1,Y,3,ZIP,0.3,"{'money': 115, 'X': 3, 'Y': 7}",GDZ,0.4,"{'money': 184, 'X': 4, 'Y': 0}"
55,4,8,22,1,Y,3,ZIP,0.2,"{'money': 107, 'X': 6, 'Y': 4}",ZIP,0.1,"{'money': 93, 'X': 1, 'Y': 13}"
55,14,11,23,1,Y,3,GDZ,0.4,"{'money': 161, 'X': 4, 'Y': 1}",GDZ,0.4,"{'money': 185, 'X': 4, 'Y': 0}"
56,8,15,47,1,X,3,ZIP,0.115,"{'money': 46, 'X': 2, 'Y': 13}",GDZ,0.4,"{'money': 51, 'X': 4, 'Y': 8}"
57,11,2,23,1,Y,3,GDZ,0.4,"{'money': 162, 'X': 4, 'Y': 1}",ZIP,0.4,"{'money': 220, 'X': 4, 'Y': 1}"
57,15,1,48,1,X,3,GDZ,0.4,"{'money': 3, 'X': 5, 'Y': 8}",ZIP,0.2,"{'money': 297, 'X': 2, 'Y': 4}"
57,1,8,23,1,Y,3,ZIP,0.25,"{'money': 274, 'X': 2, 'Y': 5}",ZIP,0.1725,"{'money': 69, 'X': 2, 'Y': 12}"
58,9,14,21,1,Y,3,ZIP,0.3,"{'money': 94, 'X': 3, 'Y': 8}",GDZ,0.4,"{'money': 182, 'X': 4, 'Y': 0}"
58,9,4,48,1,X,3,ZIP,0.4,"{'money': 46, 'X': 4, 'Y': 8}",ZIP,0.2,"{'money': 155, 'X': 5, 'Y': 4}"
58,1,2,23,1,Y,3,ZIP,0.3,"{'money': 251, 'X': 2, 'Y': 6}",ZIP,0.4,"{'money': 243, 'X': 4, 'Y': 0}"
59,7,11,22,1,Y,3,ZIP,0.2,"{'money': 157, 'X': 5, 'Y': 4}",GDZ,0.4,"{'money': 184, 'X': 4, 'Y': 0}"
59,7,15,47,1,X,3,ZIP,0.2,"{'money': 110, 'X': 6, 'Y': 4}",GDZ,0.4,"{'money': 50, 'X': 4, 'Y': 8}"
59,2,15,48,1,X,3,ZIP,0.4875,"{'money': 195, 'X': 5, 'Y': 0}",GDZ,0.3,"{'money': 98, 'X': 3, 'Y': 8}"
61,15,4,48,1,X,3,GDZ,0.4,"{'money': 50, 'X': 4, 'Y': 8}",ZIP,0.2,"{'money': 203, 'X': 4, 'Y': 4}"
62,15,4,49,1,X,3,GDZ,0.4,"{'money': 1, 'X': 5, 'Y': 8}",ZIP,0.2,"{'money': 252, 'X': 3, 'Y': 4}"
63,6,1,48,1,X,3,ZIP,0.3,"{'money': 87, 'X': 4, 'Y': 6}",ZIP,0.3,"{'money': 299, 'X': 1, 'Y': 6}"
64,11,8,24,1,Y,3,GDZ,0.4,"{'money': 160, 'X': 4, 'Y': 1}",ZIP,0.2,"{'money': 93, 'X': 2, 'Y': 11}"
64,6,15,47,1,X,3,ZIP,0.3,"{'money': 40, 'X': 5, 'Y': 6}",GDZ,0.4,"{'money': 48, 'X': 4, 'Y': 8}"
65,4,8,23,1,Y,3,ZIP,0.25,"{'money': 229, 'X': 3, 'Y': 5}",ZIP,0.2,"{'money': 116, 'X': 2, 'Y': 10}"
66,15,7,48,1,X,3,GDZ,0.4,"{'money': 0, 'X': 5, 'Y': 8}",ZIP,0.2,"{'money': 158, 'X': 5, 'Y': 4}"
67,7,1,48,1,X,3,ZIP,0.2,"{'money': 110, 'X': 6, 'Y': 4}",ZIP,0.3,"{'money': 347, 'X': 0, 'Y': 6}"
67,6,5,23,1,Y,3,ZIP,0.35,"{'money': 17, 'X': 5, 'Y': 7}",ZIP,0.1,"{'money': 118, 'X': 1, 'Y': 12}"
68,5,15,48,1,X,3,ZIP,0.175,"{'money': 70, 'X': 2, 'Y': 12}",GDZ,0.4,"{'money': 48, 'X': 4, 'Y': 8}"
69,15,6,48,1,X,3,GDZ,0.4,"{'money': 0, 'X': 5, 'Y': 8}",ZIP,0.35,"{'money': 65, 'X': 4, 'Y': 7}"
73,8,8,23,1,Y,3,ZIP,0.2,"{'money': 116, 'X': 2, 'Y': 10}",ZIP,0.2,"{'money': 116, 'X': 2, 'Y': 10}"
73,4,15,45,1,X,3,ZIP,0.25,"{'money': 184, 'X': 4, 'Y': 5}",GDZ,0.4,"{'money': 45, 'X': 4, 'Y': 8}"
74,15,8,25,1,Y,3,GDZ,0.4,"{'money': 20, 'X': 4, 'Y': 9}",ZIP,0.2,"{'money': 141, 'X': 2, 'Y': 9}"
76,8,7,47,1,X,3,ZIP,0.235,"{'money': 94, 'X': 3, 'Y': 9}",ZIP,0.2,"{'money': 157, 'X': 5, 'Y': 4}"
76,7,15,23,1,Y,3,ZIP,0.25,"{'money': 134, 'X': 5, 'Y': 5}",GDZ,0.4,"{'money': 43, 'X': 4, 'Y': 8}"
76,9,15,24,1,Y,3,ZIP,0.4,"{'money': 22, 'X': 4, 'Y': 9}",GDZ,0.35,"{'money': 67, 'X': 4, 'Y': 7}"
78,1,5,24,1,Y,3,ZIP,0.35,"{'money': 323, 'X': 0, 'Y': 7}",ZIP,0.2,"{'money': 94, 'X': 2, 'Y': 11}"
79,15,9,25,1,Y,3,GDZ,0.4,"{'money': 42, 'X': 4, 'Y': 8}",ZIP,0.4,"{'money': 47, 'X': 4, 'Y': 8}"
81,7,5,24,1,Y,3,ZIP,0.275,"{'money': 110, 'X': 5, 'Y': 6}",ZIP,0.2,"{'money': 118, 'X': 2, 'Y': 10}"
82,6,8,24,1,Y,3,ZIP,0.4,"{'money': 41, 'X': 4, 'Y': 8}",ZIP,0.295,"{'money': 118, 'X': 3, 'Y': 8}"
87,15,8,28,1,Y,3,GDZ,0.4,"{'money': 14, 'X': 4, 'Y': 9}",ZIP,0.3,"{'money': 146, 'X': 3, 'Y': 7}"
87,1,15,26,1,Y,3,ZIP,0.4,"{'money': 297, 'X': 0, 'Y': 8}",GDZ,0.4,"{'money': 40, 'X': 4, 'Y': 8}"
88,4,4,46,1,X,3,ZIP,0.25,"{'money': 184, 'X': 4, 'Y': 5}",ZIP,0.25,"{'money': 184, 'X': 4, 'Y': 5}"
90,15,8,26,1,Y,3,GDZ,0.4,"{'money': 14, 'X': 4, 'Y': 9}",ZIP,0.3,"{'money': 172, 'X': 3, 'Y': 6}"
91,9,4,46,1,X,3,ZIP,0.4,"{'money': 1, 'X': 5, 'Y': 8}",ZIP,0.25,"{'money': 230, 'X': 3, 'Y': 5}"
91,8,15,27,1,Y,3,ZIP,0.3,"{'money': 145, 'X': 3, 'Y': 7}",GDZ,0.4,"{'money': 41, 'X': 4, 'Y': 8}"
92,15,5,27,1,Y,3,GDZ,0.4,"{'money': 14, 'X': 4, 'Y': 9}",ZIP,0.2,"{'money': 145, 'X': 2, 'Y': 9}"
94,6,15,25,1,Y,3,ZIP,0.4,"{'money': 16, 'X': 4, 'Y': 9}",GDZ,0.4,"{'money': 39, 'X': 4, 'Y': 8}"
97,15,8,29,1,Y,3,GDZ,0.4,"{'money': 10, 'X': 4, 'Y': 9}",ZIP,0.3,"{'money': 174, 'X': 3, 'Y': 6}"
98,4,9,46,1,X,3,ZIP,0.25,"{'money': 184, 'X': 4, 'Y': 5}",ZIP,0.4,"{'money': 47, 'X': 4, 'Y': 8}"
98,1,15,25,1,Y,3,ZIP,0.45,"{'money': 272, 'X': 0, 'Y': 9}",GDZ,0.4,"{'money': 35, 'X': 4, 'Y': 8}"
100,1,6,27,1,Y,3,ZIP,0.5,"{'money': 245, 'X': 0, 'Y': 10}",ZIP,0.4,"{'money': 43, 'X': 4, 'Y': 8}"
101,1,8,27,1,Y,3,ZIP,0.545,"{'money': 218, 'X': 0, 'Y': 11}",ZIP,0.3,"{'money': 201, 'X': 3, 'Y': 5}"
102,6,5,27,1,Y,3,ZIP,0.4,"{'money': 16, 'X': 4, 'Y': 9}",ZIP,0.2,"{'money': 172, 'X': 2, 'Y': 8}"
103,15,8,29,1,Y,3,GDZ,0.4,"{'money': 6, 'X': 4, 'Y': 9}",ZIP,0.3,"{'money': 230, 'X': 3, 'Y': 4}"
104,9,5,28,1,Y,3,ZIP,0.4,"{'money': 19, 'X': 4, 'Y': 9}",ZIP,0.2,"{'money': 200, 'X': 2, 'Y': 7}"
105,8,15,26,1,Y,3,ZIP,0.3,"{'money': 204, 'X': 3, 'Y': 5}",GDZ,0.4,"{'money': 32, 'X': 4, 'Y': 8}"
105,8,7,47,1,X,3,ZIP,0.3925,"{'money': 157, 'X': 4, 'Y': 5}",ZIP,0.3,"{'money': 157, 'X': 4, 'Y': 6}"
107,5,5,28,1,Y,3,ZIP,0.2,"{'money': 200, 'X': 2, 'Y': 7}",ZIP,0.2,"{'money': 200, 'X': 2, 'Y': 7}"
108,15,8,29,1,Y,3,GDZ,0.4,"{'money': 3, 'X': 4, 'Y': 9}",ZIP,0.4,"{'money': 186, 'X': 4, 'Y': 4}"
109,5,6,28,1,Y,3,ZIP,0.2,"{'money': 172, 'X': 2, 'Y': 8}",ZIP,0.4,"{'money': 44, 'X': 4, 'Y': 8}"
112,4,15,25,1,Y,3,ZIP,0.3,"{'money': 159, 'X': 4, 'Y': 6}",GDZ,0.4,"{'money': 28, 'X': 4, 'Y': 8}"
114,15,9,28,1,Y,3,GDZ,0.4,"{'money': 0, 'X': 4, 'Y': 9}",ZIP,0.4,"{'money': 47, 'X': 4, 'Y': 8}"
116,5,4,46,1,X,3,ZIP,0.3,"{'money': 126, 'X': 3, 'Y': 8}",ZIP,0.3,"{'money': 205, 'X': 3, 'Y': 6}"
119,6,8,28,1,Y,3,ZIP,0.4,"{'money': 16, 'X': 4, 'Y': 9}",ZIP,0.4,"{'money': 214, 'X': 4, 'Y': 3}"
119,4,4,46,1,X,3,ZIP,0.3,"{'money': 205, 'X': 3, 'Y': 6}",ZIP,0.3,"{'money': 205, 'X': 3, 'Y': 6}"
120,8,7,46,1,X,3,ZIP,0.42,"{'money': 168, 'X': 5, 'Y': 3}",ZIP,0.3,"{'money': 203, 'X': 3, 'Y': 6}"
122,4,7,46,1,X,3,ZIP,0.3,"{'money': 159, 'X': 4, 'Y': 6}",ZIP,0.3,"{'money': 249, 'X': 2, 'Y': 6}"
127,7,7,46,1,X,3,ZIP,0.3,"{'money': 249, 'X': 2, 'Y': 6}",ZIP,0.3,"{'money': 249, 'X': 2, 'Y': 6}"
128,7,8,28,1,Y,3,ZIP,0.35,"{'money': 221, 'X': 2, 'Y': 7}",ZIP,0.49,"{'money': 196, 'X': 5, 'Y': 2}"
131,4,8,27,1,Y,3,ZIP,0.33,"{'money': 132, 'X': 4, 'Y': 7}",ZIP,0.5,"{'money': 223, 'X': 5, 'Y': 1}"
132,9,6,28,1,Y,3,ZIP,0.4,"{'money': 19, 'X': 4, 'Y': 9}",ZIP,0.4,"{'money': 44, 'X': 4, 'Y': 8}"
136,7,7,46,1,X,3,ZIP,0.35,"{'money': 221, 'X': 2, 'Y': 7}",ZIP,0.35,"{'money': 221, 'X': 2, 'Y': 7}"
138,7,8,27,1,Y,3,ZIP,0.4,"{'money': 194, 'X': 2, 'Y': 8}",ZIP,0.5,"{'money': 250, 'X': 5, 'Y': 0}"
139,7,9,28,1,Y,3,ZIP,0.415,"{'money': 166, 'X': 2, 'Y': 9}",ZIP,0.4,"{'money': 47, 'X': 4, 'Y': 8}"
141,8,5,28,1,Y,3,ZIP,0.5,"{'money': 222, 'X': 5, 'Y': 1}",ZIP,0.3,"{'money': 154, 'X': 3, 'Y': 7}"
141,9,7,46,1,X,3,ZIP,0.4,"{'money': 1, 'X': 5, 'Y': 8}",ZIP,0.45,"{'money': 212, 'X': 1, 'Y': 9}"
143,7,5,28,1,Y,3,ZIP,0.46,"{'money': 184, 'X': 1, 'Y': 10}",ZIP,0.3,"{'money': 182, 'X': 3, 'Y': 6}"
144,5,7,46,1,X,3,ZIP,0.34,"{'money': 136, 'X': 4, 'Y': 6}",ZIP,0.5,"{'money': 230, 'X': 0, 'Y': 10}"
144,7,8,28,1,Y,3,ZIP,0.505,"{'money': 202, 'X': 0, 'Y': 11}",ZIP,0.5,"{'money': 250, 'X': 5, 'Y': 0}"
146,6,5,28,1,Y,3,ZIP,0.4,"{'money': 16, 'X': 4, 'Y': 9}",ZIP,0.4,"{'money': 164, 'X': 4, 'Y': 5}"
149,8,4,46,1,X,3,ZIP,0.51,"{'money': 204, 'X': 6, 'Y': 0}",ZIP,0.35,"{'money': 178, 'X': 3, 'Y': 7}"
154,4,5,28,1,Y,3,ZIP,0.375,"{'money': 150, 'X': 3, 'Y': 8}",ZIP,0.4,"{'money': 192, 'X': 4, 'Y': 4}"
160,5,6,28,1,Y,3,ZIP,0.4,"{'money': 164, 'X': 4, 'Y': 5}",ZIP,0.4,"{'money': 44, 'X': 4, 'Y': 8}"
161,6,5,28,1,Y,3,ZIP,0.4,"{'money': 16, 'X': 4, 'Y': 9}",ZIP,0.4,"{'money': 192, 'X': 4, 'Y': 4}"
165,5,6,28,1,Y,3,ZIP,0.4,"{'money': 164, 'X': 4, 'Y': 5}",ZIP,0.4,"{'money': 44, 'X': 4, 'Y': 8}"
170,6,5,28,1,Y,3,ZIP,0.4,"{'money': 16, 'X': 4, 'Y': 9}",ZIP,0.4,"{'money': 192, 'X': 4, 'Y': 4}"
178,5,5,28,1,Y,3,ZIP,0.4,"{'money': 192, 'X': 4, 'Y': 4}",ZIP,0.4,"{'money': 192, 'X': 4, 'Y': 4}"
185,5,5,28,1,Y,3,ZIP,0.4,"{'money': 192, 'X': 4, 'Y': 4}",ZIP,0.4,"{'money': 192, 'X': 4, 'Y': 4}"
192,5,5,28,1,Y,3,ZIP,0.4,"{'money': 192, 'X': 4, 'Y': 4}",ZIP,0.4,"{'money': 192, 'X': 4, 'Y': 4}"
200,5,5,28,1,Y,3,ZIP,0.4,"{'money': 192, 'X': 4, 'Y': 4}",ZIP,0.4,"{'money': 192, 'X': 4, 'Y': 4}"
203,5,5,28,1,Y,3,ZIP,0.4,"{'money': 192, 'X': 4, 'Y': 4}",ZIP,0.4,"{'money': 192, 'X': 4, 'Y': 4}"
214,5,5,28,1,Y,3,ZIP,0.4,"{'money': 192, 'X': 4, 'Y': 4}",ZIP,0.4,"{'money': 192, 'X': 4, 'Y': 4}"
221,5,5,28,1,Y,3,ZIP,0.4,"{'money': 192, 'X': 4, 'Y': 4}",ZIP,0.4,"{'money': 192, 'X': 4, 'Y': 4}"
223,5,5,28,1,Y,3,ZIP,0.4,"{'money': 192, 'X': 4, 'Y': 4}",ZIP,0.4,"{'money': 192, 'X': 4, 'Y': 4}"
229,5,5,28,1,Y,3,ZIP,0.4,"{'money': 192, 'X': 4, 'Y': 4}",ZIP,0.4,"{'money': 192, 'X': 4, 'Y': 4}"
239,5,6,28,1,Y,3,ZIP,0.4,"{'money': 164, 'X': 4, 'Y': 5}",ZIP,0.4,"{'money': 44, 'X': 4, 'Y': 8}"
243,6,5,28,1,Y,3,ZIP,0.4,"{'money': 16, 'X': 4, 'Y': 9}",ZIP,0.4,"{'money': 192, 'X': 4, 'Y': 4}"
248,5,6,28,1,Y,3,ZIP,0.4,"{'money': 164, 'X': 4, 'Y': 5}",ZIP,0.4,"{'money': 44, 'X': 4, 'Y': 8}"
252,6,5,28,1,Y,3,ZIP,0.4,"{'money': 16, 'X': 4, 'Y': 9}",ZIP,0.4,"{'money': 192, 'X': 4, 'Y': 4}"
255,5,5,28,1,Y,3,ZIP,0.4,"{'money': 192, 'X': 4, 'Y': 4}",ZIP,0.4,"{'money': 192, 'X': 4, 'Y': 4}"
261,5,6,28,1,Y,3,ZIP,0.4,"{'money': 164, 'X': 4, 'Y': 5}",ZIP,0.4,"{'money': 44, 'X': 4, 'Y': 8}"
271,6,5,28,1,Y,3,ZIP,0.4,"{'money': 16, 'X': 4, 'Y': 9}",ZIP,0.4,"{'money': 192, 'X': 4, 'Y': 4}"
291,5,5,28,1,Y,3,ZIP,0.4,"{'money': 192, 'X': 4, 'Y': 4}",ZIP,0.4,"{'money': 192, 'X': 4, 'Y': 4}"
296,5,6,28,1,Y,3,ZIP,0.4,"{'money': 164, 'X': 4, 'Y': 5}",ZIP,0.4,"{'money': 44, 'X': 4, 'Y': 8}"
300,6,5,28,1,Y,3,ZIP,0.4,"{'money': 16, 'X': 4, 'Y': 9}",ZIP,0.4,"{'money': 192, 'X': 4, 'Y': 4}"
